CMMS #,Fixed Asset #,Description,Location,Owner Group,Parent,Rotating Item,Site
06022,5616,SOLDER ROBOT MACHINE (A),EL2-SHIPPING,PE3,,,SUS
06025,5645,PCB ROUTER MACHINE,EL2F26,PE3,,,SUS
07008,6008E,XSI04 BALANCE,EL2-QC,PE3,,,SUS
07009,6009E,VHX-500 DIGITAL MICROSCOPE,EL2REPAIR,PE3,,,SUS
07041,6086E,TR-9-2000 ICT MACHINE,EL2SBO-1,PE3,,,SUS
07047,6107E,DESTACKER CONVEYOR MACHINE,EL2C4,PE3,,,SUS
07063,0,500MM LINK CONVEYOR MACHINE,EL2C7,PE3,,,SUS
07064,0,500MM LINK CONVEYOR MACHINE,EL2F19,PE3,,,SUS
11203,7227E,CONVEYOR LINE LOADER MACHINE,EL2C5,PE3,,,SUS
11316,0,SOLDER ROBOT MACHINE,PE3 LAB,PE3,,,SUS
11506,7447,CONNECTOR SCREW MACHINE,EL2F19,PE3,,,SUS
13045,0,SOLDER ROBOT MACHINE,PE3 LAB,PE3,,,SUS
13053,,DUST COLLECTOR MACHINE,EL2F12,PE3,,,SUS
13058,,PCB ROUTER MACHINE,EL2F25,PE3,,,SUS
13067,,DUST COLLECTOR MACHINE,EL2F25,PE3,,,SUS
13069,,PCB ROUTER MACHINE,EL2F17,PE3,,,SUS
13078,,DUST COLLECTOR MACHINE,EL2F17,PE3,,,SUS
13098,0,LINE LOADER CONVEYOR MACHINE,EL2C2,PE3,,,SUS
13111,,CONVEYOR MACHINE,EL2C4,PE3,,,SUS
13113,,CONVEYOR MACHINE,EL2C4,PE3,,,SUS
13115,,CONVEYOR MACHINE,EL2C4,PE3,,,SUS
13117,,SEALANT CURE MACHINE,EL2F19,PE3,,,SUS
13123,206018,AOI MACHINE,EL2F19,PE3,,,SUS
13128,,DUST COLLECTOR MACHINE,EL2F27,PE3,,,SUS
13131,,PCB ROUTER MACHINE,EL2F4,PE3,,,SUS
13138,,HCU VISION  INSPECTION MACHINE,EL2F17,PE3,,,SUS
13139,0,DUST COLLECTOR MACHINE,EL2F4,PE3,,,SUS
13140,,DUST COLLECTOR MACHINE,EL2F33,PE3,,,SUS
13147,13789,500MM LINK CONVEYOR MACHINE,EL2C7,PE3,,,SUS
13150,14536,HCU FINAL FUNCTION MACHINE,EL2F17,PE3,,,SUS
13151,,SEALANT CURE OVEN MACHINE,EL2F7,PE3,,,SUS
13159,,DUST COLLECTOR MACHINE,EL2F19,PE3,,,SUS
13161,14538,DUST COLLECTOR MACHINE,EL2F18,PE3,,,SUS
13162,,SOLDER ROBOT MACHINE,PE3 LAB,PE3,,,SUS
13169,,DUST COLLECTOR MACHINE,EL2F11,PE3,,,SUS
13188,,PCB ROUTER MACHINE,PE3 LAB,PE3,,,SUS
13191,,DUST COLLECTOR MACHINE,EL2F26,PE3,,,SUS
13193,,500MM LINK CONVEYOR MACHINE,EL2C2,PE3,,,SUS
13194,209718,BOARD CLEANER MACHINE,EL2C7,PE3,,,SUS
13197,,500MM LINK CONVEYOR MACHINE,EL2C2,PE3,,,SUS
13199,,500MM LINK CONVEYOR MACHINE,EL2C2,PE3,,,SUS
13203,,500MM LINK CONVEYOR MACHINE,EL2C2,PE3,,,SUS
13205,,500MM LINK CONVEYOR MACHINE,EL2C2,PE3,,,SUS
13207,,AOI NG STOCKER CONVEYOR MACHINE,EL2C2,PE3,,,SUS
13208,,AOI NG TRAVERSE CONVEYOR MACHINE,EL2C2,PE3,,,SUS
13212,209719,BOARD CLEANER MACHINE,EL2C4,PE3,,,SUS
13214,,CONVEYOR MACHINE,EL2C4,PE3,,,SUS
13222,,CONVEYOR MACHINE,EL2C4,PE3,,,SUS
13223,,PC BOARD HANDLERS CONVEYOR MACHINE,EL2C7,PE3,,,SUS
13225,,STOCKER (TRAVELERS) PC BOARD HANDLERS MACHINE,EL2C4,PE3,,,SUS
13226,,STOCKER PC BOARD HANDLERS CONVEYOR MACHINE,EL2C4,PE3,,,SUS
13229,0,CONVEYOR MACHINE,EL2C7,PE3,,,SUS
13231,,BOARD CLEANER MACHINE,EL2C7,PE3,,,SUS
13234,,CONVEYOR MACHINE,EL2C7,PE3,,,SUS
13236,,CONVEYOR MACHINE,EL2C7,PE3,,,SUS
13238,,CONVEYOR MACHINE,EL2C7,PE3,,,SUS
13240,,CONVEYOR MACHINE,EL2C7,PE3,,,SUS
13242,,CONVEYOR MACHINE,EL2C7,PE3,,,SUS
13243,,CONVEYOR MACHINE,EL2C4,PE3,,,SUS
13244,,CONVEYOR MACHINE,EL2C7,PE3,,,SUS
13246,,STOCKER MACHINE,EL2C7,PE3,,,SUS
13247,,STOCKER PC BOARD HANDLER CONVEYOR MACHINE,EL2C7,PE3,,,SUS
13248,,UNLOADER PC BOARD HANDLER MACHINE,EL2C7,PE3,,,SUS
13251,,BOARD CLEANER MACHINE,EL2C5,PE3,,,SUS
13258,,CONVEYOR MACHINE,EL2C5,PE3,,,SUS
13262,,CONVEYOR MACHINE,EL2C5,PE3,,,SUS
13263,,CONVEYOR MACHINE,EL2C5,PE3,,,SUS
13264,12359,CONVEYOR MACHINE,EL2C5,PE3,,,SUS
13266,,STOCKER (TRAVELERS) MACHINE,EL2C5,PE3,,,SUS
13267,,STOCKER CONVEYOR MACHINE,EL2C5,PE3,,,SUS
13272,,BOARD CLEANER MACHINE,EL2C6,PE3,,,SUS
13284,,CONVEYOR MACHINE,EL2C6,PE3,,,SUS
13286,,CONVEYOR MACHINE,EL2C6,PE3,,,SUS
13288,,STOCKER (TRAVELERS) MACHINE,EL2C6,PE3,,,SUS
13289,,STOCKER PC BOARD HANDLERS CONVEYOR MACHINE,EL2C6,PE3,,,SUS
13297,9013,DUST COLLECTOR MACHINE,EL2F14,PE3,,,SUS
13298,204249/207452,PCB ROUTER MACHINE,EL2F14,PE3,,,SUS
13300,9019,SOLDER ROBOT MACHINE,PE3 LAB,PE3,,,SUS
13302,0,SEALANT MACHINE,EL2F14,PE3,,,SUS
13314,0,DEIONIZED AIR CANNON #1,PE3-MAINT,PE3,,,SUS
13386,,AIR SHOWER #1,F-E09,PE3,,,SUS
13387,,AIR SHOWER #2,F-E09,PE3,,,SUS
13388,,AIR SHOWER #3,F-E09,PE3,,,SUS
13389,,AIR SHOWER #4,F-E09,PE3,,,SUS
13429,8419E,ESD SMARTLOGGER V5 AIR SHOWER #1,F-E09,PE3,,,SUS
13430,8419E,ESD SMARTLOGGER V5 AIR SHOWER #2,F-E09,PE3,,,SUS
13431,8419E,ESD SMARTLOGGER V5 AIR SHOWER #3,F-E09,PE3,,,SUS
13432,8419E,ESD SMARTLOGGER V5 AIR SHOWER #4,F-E09,PE3,,,SUS
14574,204605/207857,SOLDER ROBOT MACHINE 1,PE3-MAINT,PE3,,,SUS
14575,204605/207858,SOLDER ROBOT MACHINE 2,EL2F25,PE3,,,SUS
14767,204818,ICT MACHINE,EL2F28,PE3,,,SUS
14768,204818,ICT MACHINE,EL2F10,PE3,,,SUS
14771,0,TBAA LID PWB ROUTER FIXTURE 1 RH,EL2F28,PE3,,,SUS
14772,0,TBAA LID PWB ROUTER FIXTURE 2 RH,EL2F28,PE3,,,SUS
14775,0,TBAA RC PWB SOLDER FIXTURE LH,PE3 LAB,PE3,,,SUS
14776,0,TBAA RC PWB SOLDER FIXTURE RH,PE3 LAB,PE3,,,SUS
14781,205020,PCB ROUTER MACHINE,EL2F10,PE3,,,SUS
14940,205019,LASER MARKER MACHINE,EL2C11,PE3,,,SUS
14941,204688/208977,REFLOW OVEN MACHINE,EL2C2,PE3,,,SUS
14942,204688/208977,REFLOW OVEN MACHINE,EL2C6,PE3,,,SUS
14943,0,LOADER CONVEYOR MACHINE,EL2C6,PE3,,,SUS
14944,0,INVERTER CONVEYOR MACHINE,EL2C6,PE3,,,SUS
14945,204585,BUFFER CONVEYOR MACHINE,EL2C6,PE3,,,SUS
14946,204671,PLACEMENT (CM602-2 8/3) MACHINE,EL2C2,PE3,,,SUS
14947,0,LOADER CONVEYOR MACHINE,EL2C5,PE3,,,SUS
14948,0,LOADER CONVEYOR MACHINE,EL2C4,PE3,,,SUS
14949,0,UNLOADER CONVEYOR MACHINE,EL2C4,PE3,,,SUS
14950,0,LINE UNLOADER CONVEYOR MACHINE,EL2C2,PE3,,,SUS
14951,204585,BUFFER CONVEYOR MACHINE,EL2C2,PE3,,,SUS
14952,0,PLACEMENT (CM602-1 12/8) MACHINE,EL2C2,PE3,,,SUS
14953,205172,PANASONIC MOUNTER CM602 MACHINE,EL2C4,PE3,,,SUS
14954,205037,PANASONIC MOUNTER CM602 MACHINE,EL2C4,PE3,,,SUS
15016,205174/205033,INLINE ICT MACHINE,EL2F19,PE3,,,SUS
15046,205049,REFLOW OVEN MACHINE,EL2C4,PE3,,,SUS
15094,204819,AOI MACHINE,EL2F31,PE3,,,SUS
15095,204819,AOI MACHINE,EL2F25,PE3,,,SUS
15096,204752,AOI MACHINE,EL2F30,PE3,,,SUS
15097,204752,AOI MACHINE,EL2F6,PE3,,,SUS
15209,205207/209304,PASTE PRINTER MACHINE,EL2C5,PE3,,,SUS
15210,205176/209305,PASTE PRINTER MACHINE,EL2C7,PE3,,,SUS
15395,0,HAND HELD LASER PARTICAL COUNTER,F BUILDING,PE3,,,SUS
15406,205171,ICT MACHINE,EL2F29,PE3,,,SUS
15411,205170,PCB ROUTER MACHINE,EL2F29,PE3,,,SUS
15412,204838/205153,SOLDER ROBOT MACHINE #1,EL2F28,PE3,,,SUS
15413,204838/205153,SOLDER ROBOT MACHINE #2,EL2F28,PE3,,,SUS
15414,205029,DUST COLLECTOR MACHINE,EL2F29,PE3,,,SUS
15417,205031,AOI MACHINE,PE3 LAB,PE3,,,SUS
15584,9999E,DESTACKER CONVEYOR MACHINE,EL2C6,PE3,,,SUS
15585,9999E,DESTACKER CONVEYOR MACHINE,EL2C5,PE3,,,SUS
15587,205038,LASER MARKER MACHINE,EL2C7,PE3,,,SUS
15588,205038,LASER MARKER MACHINE,EL2C6,PE3,,,SUS
15589,205218,SOLDER PASTE INSPECTION MACHINE,EL2C6,PE3,,,SUS
15590,205218,SOLDER PASTE INSPECTION MACHINE,EL2C5,PE3,,,SUS
15591,205218,SOLDER PASTE INSPECTION MACHINE,EL2C7,PE3,,,SUS
15592,205217/209303,PASTE PRINTER MACHINE,EL2C4,PE3,,,SUS
15593,205287,NPM PLACEMENT5 (8/3) MACHINE,EL2C6,PE3,,,SUS
15594,205288,NPM PLACEMENT 2 (16/12) MACHINE,EL2C6,PE3,,,SUS
15601,0,TLAA HS CPU AOI FIXTURE,EL2F19,PE3,,,SUS
15602,0,TLAA HS CPU BARCODE SCAN FIXTURE,EL2F19,PE3,,,SUS
15603,10184E,HS FINAL FUNCTION MACHINE 3,EL2F19,PE3,,,SUS
15604,10184E,HS FINAL FUNCTION MACHINE 2,EL2F19,PE3,,,SUS
15606,0,TLAA HS CPU SOLDER FIXTURE 5,EL2F19,PE3,,,SUS
15608,0,TLAA HS CPU CHECKER BOX  DEVICE 3,PE3 LAB,PE3,,,SUS
15609,0,TLAA HS CPU CHECKER BOX DEVICE 2,EL2F25,PE3,,,SUS
15610,0,TLAA HS CPU CHECKER BOX DEVICE 1,EL2F25,PE3,,,SUS
15612,10184E,IN CIRCUIT TEST MACHINE,PE3 LAB,PE3,,,SUS
15613,0,TLAA HS CPU ROUTER FIXTURE,PE3 LAB,PE3,,,SUS
15614,0,TLAA HS CPU CONNECTOR SCREW FIXTURE,EL2F19,PE3,,,SUS
15615,206016,INLINE SEALANT MACHINE,EL2F19,PE3,,,SUS
15616,0,TLAA HS CPU SOLDER FIXTURE 6,EL2F19,PE3,,,SUS
15617,0,TLAA HS CPU ICT FIXTURE (SPARE),PE3 LAB,PE3,,,SUS
15618,0,TLAA HS CPU SOLDER FIXTURE 1,EL2F19,PE3,,,SUS
15619,0,TLAA HS CPU SOLDER FIXTURE 2,EL2F19,PE3,,,SUS
15620,0,TLAA HS CPU SOLDER FIXTURE 3,EL2F19,PE3,,,SUS
15621,205712,SOLDER ROBOT MACHINE #1,EL2F19,PE3,,,SUS
15622,205712,SOLDER ROBOT MACHINE #2,EL2F19,PE3,,,SUS
15623,205712,SOLDER ROBOT MACHINE #3,EL2F19,PE3,,,SUS
15629,0,CURE CONVEYOR MACHINE,EL2REPAIR,PE3,,,SUS
15638,0,SEALANT MACHINE,EL2F17,PE3,,,SUS
15639,0,HEPA DUST COLLECTION SYSTEM FOR LCD SETTING MACHINE,EL2F17,PE3,,,SUS
15640,0,THRA RR PANEL FINAL FUNCTION FIXTURE,EL2F17,PE3,,,SUS
15641,0,HCU FINAL FUNCTION MACHINE,EL2F17,PE3,,,SUS
15642,0,THRA RR PANEL VISION TEST FIXTURE,EL2F17,PE3,,,SUS
15643,0,HCU VISION TEST MACHINE,EL2F17,PE3,,,SUS
15644,0,THRA RR PANEL HAND ASSY FIXTURE,EL2F17,PE3,,,SUS
15645,0,THRA RR PANEL CASE SCREW FIXTURE,EL2F17,PE3,,,SUS
15646,206007,CASE SCREW ROBOT MACHINE,EL2F17,PE3,,,SUS
15647,0,THRA RR PANEL SEALANT FIXTURE,EL2F17,PE3,,,SUS
15648,0,SEALANT MACHINE,EL2F17,PE3,,,SUS
15649,0,THRA RR PANEL ICT FIXTURE,EL2F17,PE3,,,SUS
15650,0,ICT MACHINE,EL2F17,PE3,,,SUS
15651,0,THRA RR PANEL LCD SETTING FIXTURE,EL2F17,PE3,,,SUS
15801,0,THRA HL CONTROL PWB SEALANT FIXTURE,EL2F8,PE3,,,SUS
15805,0,THRA HL CONTROL PWB FINAL FUNCTION FIXTURE #1,EL2F8,PE3,,,SUS
15806,0,THRA HL CONTROL PWB FINAL FUNCTION FIXTURE #2,EL2F8,PE3,,,SUS
15807,0,THRA HL CONTROL PWB FINAL FUNCTION FIXTURE #3,EL2F8,PE3,,,SUS
15808,206130,ICT MACHINE,EL2F8,PE3,,,SUS
15809,10277E/10255E,SEALANT MACHINE,EL2F8,PE3,,,SUS
15810,205853/10183E,PCB ROUTER MACHINE,EL2F3,PE3,,,SUS
15846,205029,PCB ROUTER MACHINE,EL2F6,PE3,,,SUS
15858,205032,ICT MACHINE,EL2F6,PE3,,,SUS
15859,205713,SOLDER ROBOT MACHINE,EL2F6,PE3,,,SUS
15956,0,DUST COLLECTOR MACHINE,EL2F6,PE3,,,SUS
16019,205284,LASER MARKER MACHINE,PE3 LAB,PE3,,,SUS
16021,205039/209306,PASTE PRINTER MACHINE,EL2C11,PE3,,,SUS
16022,205033,ICT MACHINE,EL2F4,PE3,,,SUS
16023,0,500MM LINK CONVEYOR MACHINE,EL2C2,PE3,,,SUS
16024,205472,NPM PLACEMENT 1 (16/16) MACHINE,EL2C6,PE3,,,SUS
16025,0,DESTACKER CONVEYOR MACHINE,EL2C2,PE3,,,SUS
16026,0,MAGAZINE UNLOADER CONVEYOR MACHINE,EL2C6,PE3,,,SUS
16028,0,PCB UNLOADER MACHINE,EL2-SMT,PE3,,,SUS
16033,0,DUST COLLECTOR MACHINE,PE3 LAB,PE3,,,SUS
16034,0,DUST COLLECTOR MACHINE,EL2F10,PE3,,,SUS
16035,205398,SOLDER PASTE INSPECTION MACHINE,EL2C2,PE3,,,SUS
16036,205398,SOLDER PASTE INSPECTION MACHINE,EL2C4,PE3,,,SUS
16037,205714,AOI MACHINE,EL2F7,PE3,,,SUS
16038,205714,AOI MACHINE,EL2F28,PE3,,,SUS
16039,205486,FEEDER CALIBRATION MACHINE,EL2-SMT,PE3,,,SUS
16094,10335E,T1W FRONT HCU ICT FIXTURE,PE3 LAB,PE3,,,SUS
161029,0,TJBA CPU CHECKER BOX DEVICE 1,EL2F14,PE3,,,SUS
16103,10371E/205776,PASTE PRINTER MACHINE,EL2C9,PE3,,,SUS
161030,0,TJBA CPU CHECKER BOX DEVICE 2,EL2-QA,PE3,,,SUS
161031,0,TJBA CPU CHECKER BOX DEVICE 3,EL2-QA,PE3,,,SUS
16104,10371E/205776,PASTE PRINTER MACHINE,EL2C6,PE3,,,SUS
16105,10371E/205776,PLACEMENT MACHINE,EL2C9,PE3,,,SUS
16106,10371E/205776,PLACEMENT MACHINE,EL2C10,PE3,,,SUS
16107,10371E/205776,REFLOW OVEN MACHINE,EL2C9,PE3,,,SUS
161070,0,TVAA HS CPU CHECKER BOX DEVICE 1,EL2F19,PE3,,,SUS
161071,0,TVAA HS CPU CHECKER BOX DEVICE 2,EL2F19,PE3,,,SUS
161072,0,TVAA HS CPU CHECKER BOX DEVICE 3,EL2F19,PE3,,,SUS
161073,0,TVAA HS CPU CHECKER BOX DEVICE 4,EL2F25,PE3,,,SUS
161074,207363,SOLDER ROBOT MACHINE 3,EL2F25,PE3,,,SUS
161075,0,TVAA HS CPU SOLDER FIXTURE 1,EL2F25,PE3,,,SUS
161076,0,TVAA HS CPU SOLDER FIXTURE 2,EL2F25,PE3,,,SUS
161077,0,TVAA HS CPU SOLDER FIXTURE 3,EL2F25,PE3,,,SUS
161078,0,TVAA HS CPU SOLDER FIXTURE 4,EL2F25,PE3,,,SUS
161079,0,TVAA HS CPU SOLDER FIXTURE 6,PE3 LAB,PE3,,,SUS
16108,10371E/205776,REFLOW OVEN MACHINE,EL2C10,PE3,,,SUS
161080,0,TVAA HS CPU SOLDER FIXTURE 5,PE3 LAB,PE3,,,SUS
161081,10887,ICT MODULE MACHINE,EL2F25,PE3,,,SUS
161084,207242/207242,HS CPU ASSEMBLY CELL MACHINE,EL2F25,PE3,,,SUS
161085,10277E,SEALANT CURE OVEN MACHINE,EL2F8,PE3,,,SUS
16109,205525,OMRON VT-S730 AOI SYSTEM MACHINE,EL2C9,PE3,,,SUS
16110,205525,OMRON VT-S730 AOI SYSTEM MACHINE,EL2C10,PE3,,,SUS
16111,10372E,SOLDER PASTE INSPECTION MACHINE,EL2C9,PE3,,,SUS
16112,10372E,SOLDER PASTE INSPECTION MACHINE,EL2C10,PE3,,,SUS
16113,10373E,LINE LOADER CONVEYOR MACHINE,EL2C9,PE3,,,SUS
161139,0,LIGHTING FINAL FUNCTION MACHINE,EL2F28,PE3,,,SUS
16114,10373E,LINE LOADER CONVEYOR MACHINE,EL2C10,PE3,,,SUS
161140,0,LIGHTING FINAL FUNCTION MACHINE,PE3 LAB,PE3,,,SUS
161141,0,LIGHTING FINAL FUNCTION MACHINE (SERVICE?),PE3 LAB,PE3,,,SUS
161147,207232,LIGHTING FINAL FUNCTION MACHINE,EL2F27,PE3,,,SUS
16115,10373E,DESTACKER CONVEYOR MACHINE,EL2C9,PE3,,,SUS
16116,10373E,DESTACKER CONVEYOR MACHINE,EL2C10,PE3,,,SUS
161167,0,TZ3X HL FT-PO LH HEAT STAKE FIXTURE,EL2F33,PE3,,,SUS
161168,0,TZ3X HL FT-PO RH HEAT STAKE FIXTURE,EL2F33,PE3,,,SUS
16117,205526,LASER MARKER MACHINE,EL2C9,PE3,,,SUS
161170,10594E,HEAT STAKE MACHINE,EL2F33,PE3,,,SUS
161171,0,LIGHTING FINAL FUNCTION MACHINE,EL2F33,PE3,,,SUS
161172,208998,TZ3X HL FT-PO LED CHECK FIXTURE LH,EL2F33,PE3,,,SUS
161173,208998,TZ3X HL FT-PO LED CHECK FIXTURE RH,EL2F33,PE3,,,SUS
161174,0,TZ3X HL FT-PO LH FPC PRESS FIXTURE (SPARE),EL2F33,PE3,,,SUS
161175,0,TZ3X HL FT-PO LH FPC PRESS FIXTURE (MAIN),EL2F33,PE3,,,SUS
161176,0,TZ3X HL FT-PO RH FPC PRESS FIXTURE (SPARE),EL2F33,PE3,,,SUS
161177,0,TZ3X HL FT-PO RH FPC PRESS FIXTURE (MAIN),EL2F33,PE3,,,SUS
161178,10516E,FPC SEPARATION PRESS MACHINE,EL2F33,PE3,,,SUS
16118,205526,LASER MARKER MACHINE,EL2C10,PE3,,,SUS
161181,0,SEALANT CURE MACHINE,EL2F17,PE3,,,SUS
161182,0,LCD SET MACHINE,EL2F17,PE3,,,SUS
16119,10373E,FIFO BUFFER CONVEYOR MACHINE,EL2C9,PE3,,,SUS
16120,10373E,FIFO BUFFER CONVEYOR MACHINE,EL2C10,PE3,,,SUS
16121,10373E,LINE UNLOADER CONVEYOR MACHINE,EL2C9,PE3,,,SUS
16122,10373E,LINE UNLOADER CONVEYOR MACHINE,EL2C10,PE3,,,SUS
16123,10373E,INVERTER CONVEYOR MACHINE,EL2C9,PE3,,,SUS
16124,10373E,INVERTER CONVEYOR MACHINE,EL2C10,PE3,,,SUS
16125,10373E,TRAVERSE CONVEYOR MACHINE,EL2C9,PE3,,,SUS
16126,10373E,TRAVERSE CONVEYOR MACHINE,EL2C10,PE3,,,SUS
16127,10373E,SINGLE MAG UNLOADER CONVEYOR MACHINE,EL2C9,PE3,,,SUS
16128,10373E,SINGLE MAG UNLOADER CONVEYOR MACHINE,EL2C10,PE3,,,SUS
16129,10373E,500MM LINK CONVEYOR MACHINE,EL2C9,PE3,,,SUS
16130,10373E,500MM LINK CONVEYOR MACHINE,EL2C10,PE3,,,SUS
16131,10373E,500MM LINK CONVEYOR MACHINE,EL2C9,PE3,,,SUS
16132,10373E,500MM LINK CONVEYOR MACHINE,EL2C10,PE3,,,SUS
16133,10373E,500MM LINK CONVEYOR MACHINE,EL2C9,PE3,,,SUS
16134,10373E,500MM LINK CONVEYOR MACHINE,EL2C10,PE3,,,SUS
16135,10373E,500MM LINK CONVEYOR MACHINE,EL2C9,PE3,,,SUS
16136,10373E,500MM LINK CONVEYOR MACHINE,EL2SBO-1,PE3,,,SUS
16137,10373E,500MM LINK CONVEYOR MACHINE,EL2C9,PE3,,,SUS
16138,10373E,500MM LINK CONVEYOR MACHINE,EL2C10,PE3,,,SUS
16139,10373E,500MM LINK CONVEYOR MACHINE,EL2C9,PE3,,,SUS
16140,10373E,500MM LINK CONVEYOR MACHINE,EL2C10,PE3,,,SUS
16141,10373E,500MM LINK   CONVEYOR MACHINE,EL2C6,PE3,,,SUS
16142,10373E,500MM LINK CONVEYOR MACHINE,EL2C5,PE3,,,SUS
16165,10365E/205402,AUTOCELL LIGHTING FINAL FUNCTION MACHINE,EL2C11,PE3,,,SUS
16185,205716,PCB ROUTER MACHINE,EL2F18,PE3,,,SUS
16186,205716,PCB ROUTER MACHINE,EL2F8,PE3,,,SUS
16187,205653,PCB ROUTER MACHINE,EL2F12,PE3,,,SUS
16189,205717,ICT MACHINE,EL2F12,PE3,,,SUS
16430,209024,NPM CALIBRATION JIG SET,PE3 LAB,PE3,,,SUS
16431,205492,SPG PRINTER MACHINE,EL2C10,PE3,,,SUS
16432,205719,OMRON VT-S730 AOI SYSTEM MACHNIE,EL2C5,PE3,,,SUS
16433,205491,CM CALIBRATION JIG SET,PE3 LAB,PE3,,,SUS
16517,0,LINKING CONVEYOR MACHINE,EL2C5,PE3,,,SUS
16518,0,LINKING CONVEYOR MACHINE,EL2C5,PE3,,,SUS
16519,0,LINKING CONVEYOR MACHINE,EL2C5,PE3,,,SUS
16520,0,LINKING CONVEYOR MACHINE,EL2C4,PE3,,,SUS
16521,0,LINKING CONVEYOR MACHINE,EL2C6,PE3,,,SUS
16522,0,LINKING CONVEYOR MACHINE,EL2C6,PE3,,,SUS
16523,0,LINKING CONVEYOR MACHINE,EL2C4,PE3,,,SUS
16544,0,BOARD CLEANER MACHINE,EL2C10,PE3,,,SUS
16545,0,BOARD CLEANER MACHINE,EL2C9,PE3,,,SUS
16566,205527,ICT MACHINE,EL2F11,PE3,,,SUS
16569,205716,PCB ROUTER MACHINE,EL2F11,PE3,,,SUS
16615,0,HS FINAL FUNCTION MACHINE 1,EL2F19,PE3,,,SUS
16616,0,TLAA HS CPU CASE ASSY FIXTURE,EL2F19,PE3,,,SUS
16696,0,TLAA HS CPU SOLDER FIXTURE 4,EL2F19,PE3,,,SUS
16697,11001,TLAA HS CPU FINAL FUNCTION FIXTURE #2,EL2F19,PE3,,,SUS
16698,11001,TLAA HS CPU FINAL FUNCTION FIXTURE #1,EL2F19,PE3,,,SUS
16699,11001,TLAA HS CPU FINAL FUNCTION FIXTURE #3,EL2F19,PE3,,,SUS
16700,0,TLAA HS CPU ICT FIXTURE (MAIN),PE3 LAB,PE3,,,SUS
16704,10714E,WINSTAT IONIZER FAN MACHINE,EL2F17,PE3,,,SUS
16725,0,LIGHTING FINAL FUNCTION MACHINE,PE3 LAB,PE3,,,SUS
16762,0,DUST COLLECTOR MACHINE,EL2F30,PE3,,,SUS
16763,207230,PCB ROUTER MACHINE,EL2F30,PE3,,,SUS
16771,0,DUST COLLECTOR MACHINE,EL2F8,PE3,,,SUS
16775,10714E,1 FAN SYSTEM MACHINE,EL2F14,PE3,,,SUS
16777,10714E,1 FAN IONIZER MACHINE,PE3 LAB,PE3,,,SUS
16779,10714E,1 FAN IONIZER MACHINE,EL2F17,PE3,,,SUS
16782,10714E,1 FAN IONIZER MACHINE,EL2F14,PE3,,,SUS
16784,10714E,2 FAN IONIZER MACHINE,EL2F14,PE3,,,SUS
16786,10714E,2 FAN IONIZER MACHINE,EL2F28,PE3,,,SUS
16787,10714E,2 FAN IONIZER MACHINE,PE3 LAB,PE3,,,SUS
16790,10714E,2 FAN IONIZER MACHINE,PE3 LAB,PE3,,,SUS
16791,10714E,2 FAN IONIZER MACHINE,EL2F28,PE3,,,SUS
16793,10714E,2 FAN IONIZER MACHINE,EL2F33,PE3,,,SUS
16794,10714E,2 FAN IONIZER MACHINE,EL2F33,PE3,,,SUS
16798,10714E,2 FAN IONIZER MACHINE,EL2F7,PE3,,,SUS
16800,10714E,2 FAN IONIZER MACHINE,EL2F14,PE3,,,SUS
16803,10714E,2 FAN IONIZER MACHINE,EL2F14,PE3,,,SUS
16804,10714E,2 FAN IONIZER MACHINE,EL2F33,PE3,,,SUS
16807,10714E,2 FAN IONIZER MACHINE,EL2F19,PE3,,,SUS
16808,10714E,2 FAN IONIZER MACHINE,EL2F19,PE3,,,SUS
16811,10714E,3 FAN IONIZER MACHINE,EL2F17,PE3,,,SUS
16818,10714E,HANDHELD IONIZER GUN  MACHINE,EL2F33,PE3,,,SUS
16847,10714E,STATIC FIELD METER,PE3 LAB,PE3,,,SUS
16848,10714E,STATIC FIELD METER,PE3 LAB,PE3,,,SUS
16849,10714E,STATIC FIELD METER,PE3 LAB,PE3,,,SUS
16850,10714E,STATIC FIELD METER,PE3 LAB,PE3,,,SUS
16855,0,TLAA R/C WINSTAT 3 FAN IONIZING BLOWER 1,PE3 LAB,PE3,,,SUS
16856,0,TLAA R/C WINSTAT 3 FAN IONIZING BLOWER 2,PE3 LAB,PE3,,,SUS
16858,0,TLAA R/C WINSTAT 3 FAN IONIZING BLOWER 4 MACHINE,EL2-SHIPPING,PE3,,,SUS
16881,207244,INLINE ICT MACHINE,EL2F14,PE3,,,SUS
16882,0,TZ3X CHECKSUM ICT FIXTURE,EL2F14,PE3,,,SUS
16883,0,TJBA CHECKSUM ICT FIXTURE,EL2F14,PE3,,,SUS
16884,0,TJBA CPU ROUTER FIXTURE,EL2F14,PE3,,,SUS
16885,0,TZ3X CPU ROUTER FIXTURE,PE3 LAB,PE3,,,SUS
16886,0,TJBA CANAPE PROGRAM FIXTURE,EL2F14,PE3,,,SUS
16887,0,TZ3X CANAPE PROGRAM FIXTURE,PE3 LAB,PE3,,,SUS
16888,207252,CURE CONVEYOR MACHINE,EL2F14,PE3,,,SUS
16889,0,TJBA CPU FINAL FUNCTION FIXTURE,EL2F14,PE3,,,SUS
16890,0,TJBA CPU BENT PIN CHECK FIXTURE,EL2F14,PE3,,,SUS
16891,208083,BENT PIN INSPECTION MACHINE,EL2F14,PE3,,,SUS
16892,0,TZ3X CPU FINAL FUNCTION FIXTURE,PE3 LAB,PE3,,,SUS
16897,0,TJBA CASE CHECK FIXTURE,EL2F14,PE3,,,SUS
16917,0,DUST COLLECTOR MACHINE,EL2F2,PE3,,,SUS
16919,0,DUST COLLECTOR MACHINE,EL2F3,PE3,,,SUS
16925,205859/10487E,PCB ROUTER MACHINE,EL2F2,PE3,,,SUS
17003,0,DIGITAL MULTI-METER DEVICE,EL2C11,PE3,,,SUS
17004,0,POWER SUPPLY DEVICE,EL2C11,PE3,,,SUS
17005,0,DIGITAL MULTI-METER DEVICE,EL2C11,PE3,,,SUS
17006,0,POWER SUPPLY DEVICE,EL2C11,PE3,,,SUS
17012,0,TBGA CHM FINAL FUNCTION FIXTURE,PE3 LAB,PE3,,,SUS
17014,0,TBGA CHM ICT FIXTURE,PE3 LAB,PE3,,,SUS
17015,0,TBGA CHM ROUTER FIXTURE,PE3 LAB,PE3,,,SUS
17017,0,LIGHTING FINAL FUNCTION MACHINE,EL2F6,PE3,,,SUS
17018,207243,MAGAZINE UNLOADER CONVEYOR MACHINE,EL2C12,PE3,,,SUS
17032,0,TVAA HS CPU FINAL ASSEMBLY FIXTURE 2,EL2F25,PE3,,,SUS
17034,0,SCREW ROBOT MACHINE,EL2F25,PE3,,,SUS
17038,0,DUST COLLECTOR MACHINE,PE3 LAB,PE3,,,SUS
17041,0,TVAA HS CPU FINAL ASSEMBLY FIXTURE 3,EL2F25,PE3,,,SUS
17042,0,TVAA HS CPU FINAL ASSEMBLY FIXTURE 1,EL2F25,PE3,,,SUS
17043,0,TVAA HS CPU FINAL FUNCTION MACHINE 1,EL2F25,PE3,,,SUS
17044,0,TVAA HS CPU FINAL FUNCTION MACHINE 2,EL2F25,PE3,,,SUS
17045,0,TVAA HS CPU FINAL FUNCTION MACHINE 3,EL2F25,PE3,,,SUS
17050,207251,OMRON VT-S730 AOI SYSTEM MACHINE,EL2C4,PE3,,,SUS
17051,207250,OMRON VT-S730 AOI SYSTEM MACHINE,EL2C7,PE3,,,SUS
17052,206123,REFLOW OVEN MACHINE,EL2C5,PE3,,,SUS
17064,0,LIGHTING FINAL FUNCTION MACHINE,EL2F4,PE3,,,SUS
17065,0,THRA LID PWB KIT LH ICT FIXTURE,EL2F4,PE3,,,SUS
17066,0,THRA LID PWB KIT RH ICT FIXTURE,EL2F4,PE3,,,SUS
17071,207806,TZ5A LIC/L ICT FIXTURE,EL2F28,PE3,,,SUS
17072,207806,TZ5A LIC/L ROUTER FIXTURE,EL2F28,PE3,,,SUS
17073,0,TZ5A LIC/L HAND SOLDER FIXTURE,EL2F28,PE3,,,SUS
17074,207808,TZ5A LIC/L SOLDER BASE 1 FIXTURE,EL2F28,PE3,,,SUS
17075,207809,TZ5A LIC/L SOLDER BASE 2 FIXTURE,EL2F28,PE3,,,SUS
17076,207810,TZ5A LIC/L FINAL FUNCTION FIXTURE,EL2F28,PE3,,,SUS
17077,0,LIGHTING FINAL FUNCTION MACHINE,EL2F26,PE3,,,SUS
17079,0,TLAA CHM ROUTER FIXTURE,PE3 LAB,PE3,,,SUS
17080,0,TLAA CHM ICT FIXTURE,PE3 LAB,PE3,,,SUS
17081,0,TLAA CHM FINAL FUNCTION FIXTURE,PE3 LAB,PE3,,,SUS
17082,0,TLAA CHM FINAL FUNCTION MACHINE,PE3 LAB,PE3,,,SUS
17083,210811,LIGHTING FINAL FUNCTION MACHINE,PE3 LAB,PE3,,,SUS
17084,0,TZ3A DST LH TERMINAL SOLDER FIXTURE,EL2F6,PE3,,,SUS
17085,0,TZ3A DST RH TERMINAL SOLDER FIXTURE,EL2F6,PE3,,,SUS
17086,0,TZ3A DST LH ICT FIXTURE,EL2F6,PE3,,,SUS
17087,0,TZ3A DST RH ICT FIXTURE,EL2F6,PE3,,,SUS
17088,0,TZ3A DST LH ROUTER FIXTURE,EL2F6,PE3,,,SUS
17089,0,TZ3A DST RH ROUTER FIXTURE,EL2F6,PE3,,,SUS
17090,0,TZ3A DST FINAL FUNCTION UPPER FIXTURE LH,EL2F6,PE3,,,SUS
17091,0,TZ3A DST FINAL FUNCTION UPPER FIXTURE RH,EL2F6,PE3,,,SUS
17124,0,SOLDER PALLET LOADING STATION MACHINE,EL2F28,PE3,,,SUS
17125,0,TZ5A LIC/L SOLDER PALLET FIXTURE 1,EL2F28,PE3,,,SUS
17126,0,TZ5A LIC/L SOLDER PALLET FIXTURE 2,EL2F28,PE3,,,SUS
17127,0,TZ5A LIC/L SOLDER PALLET FIXTURE 3,EL2F28,PE3,,,SUS
17128,0,TZ5A LIC/L SOLDER PALLET FIXTURE 4,EL2F28,PE3,,,SUS
17129,0,SOLDER ROBOT MACHINE,PE3 LAB,PE3,,,SUS
17130,0,T2AA CHM PWB SOLDER FIXTURE 1,PE3 LAB,PE3,,,SUS
17131,0,T2AA CHM PWB SOLDER FIXTURE 2,PE3 LAB,PE3,,,SUS
17132,0,LIGHTING FINAL FUNCTION MACHINE,EL2F18,PE3,,,SUS
17133,0,T2AA CHM FINAL FUNCTION FIXTURE,EL2F28,PE3,,,SUS
17137,,FUME EXTRACTOR MACHINE,EL2F7,PE3,,,SUS
17138,,FUME EXTRACTOR MACHINE,PE3 LAB,PE3,,,SUS
17139,,FUME EXTRACTOR MACHINE,EL2F6,PE3,,,SUS
17140,0,MULTI-MAGAZINE LINE LOADER CONVEYOR MACHINE,EL2SBO-1,PE3,,,SUS
17141,208156,DESTACKER CONVEYOR MACHINE,EL2C11,PE3,,,SUS
17142,208231,BUFFER CONVEYOR MACHINE,EL2C11,PE3,,,SUS
17143,208232,POST AOI MAGAZINE SORTER CONVEYOR MACHINE,EL2C11,PE3,,,SUS
17144,208157,MULTI-MAGAZINE LINE UN LOADER CONVEYOR MACHINE,EL2SBO-1,PE3,,,SUS
17145,208234,CONVEYOR MACHINE,EL2C11,PE3,,,SUS
17146,0,CONVEYOR MACHINE,EL2C11,PE3,,,SUS
17147,0,CONVEYOR MACHINE,EL2C11,PE3,,,SUS
17148,0,CONVEYOR MACHINE,EL2C11,PE3,,,SUS
17149,0,CONVEYOR MACHINE,EL2C11,PE3,,,SUS
17150,208512,LASER MACHINE,EL2C4,PE3,,,SUS
17151,208164/208159,PASTE PRINTER MACHINE,EL2C2,PE3,,,SUS
17152,208155,SOLDER PASTE INSPECTION MACHINE,EL2C11,PE3,,,SUS
17153,0,OMRON VT-S730 AOI SYSTEM MACHINE,EL2C11,PE3,,,SUS
17154,0,REFLOW OVEN MACHINE,EL2C11,PE3,,,SUS
17155,208161/,PLACEMENT NPM-W2 MACHINE,EL2C11,PE3,,,SUS
17160,,FINAL FUNCTION MACHINE,EL2F30,PE3,,,SUS
17161,208052,SOLDER ROBOT MACHINE,EL2F30,PE3,,,SUS
17162,208053,SOLDER ROBOT MACHINE,EL2F30,PE3,,,SUS
17163,?,FUME EXTRACTOR MACHINE,EL2F30,PE3,,,SUS
17164,?,TZ5A DST TERMINAL SOLDER FIXTURE 1 LH,EL2F30,PE3,,,SUS
17165,?,TZ5A DST TERMINAL SOLDER FIXTURE 2 LH,EL2F30,PE3,,,SUS
17166,?,TZ5A DST TERMINAL SOLDER FIXTURE 3 LH,EL2F30,PE3,,,SUS
17167,?,TZ5A DST TERMINAL SOLDER FIXTURE 1 RH,EL2F30,PE3,,,SUS
17168,?,TZ5A DST TERMINAL SOLDER  FIXTURE 2 RH,EL2F30,PE3,,,SUS
17169,?,TZ5A DST TERMINAL SOLDER FIXTURE 3 RH,EL2F30,PE3,,,SUS
17170,?,ICT MACHINE,EL2F30,PE3,,,SUS
17171,?,TZ5A DST ICT LH (OLD DESIGN LEVEL),PE3 LAB,PE3,,,SUS
17172,?,TZ5A DST ICT RH (OLD DESIGN LEVEL),PE3 LAB,PE3,,,SUS
17173,?,TZ5A DST ROUTER FIXTURE LH,EL2F30,PE3,,,SUS
17174,?,TZ5A DST ROUTER FIXTURE RH,EL2F30,PE3,,,SUS
17175,?,TZ5A DST FINAL FUNCTION TERMINAL CHECK FIXTURE LH,EL2F30,PE3,,,SUS
17176,?,TZ5A DST FINAL FUNCTION TERMINAL CHECK FIXTURE RH,EL2F30,PE3,,,SUS
17177,?,DESTACKER CONVEYOR MACHINE,EL2C7,PE3,,,SUS
17178,208165,DESTACKER CONVEYOR MACHINE,EL2C4,PE3,,,SUS
17179,208166,BARE BOARD RESTACKER CONVEYOR MACHINE,EL2C4,PE3,,,SUS
17180,208167,INVERTER CONVEYOR MACHINE,EL2C2,PE3,,,SUS
17181,208168,PCB FLIPPER MACHINE,EL2C5,PE3,,,SUS
17182,208169,PCB FLIPPER CONVEYOR MACHINE,EL2C7,PE3,,,SUS
17184,?,ICT MACHINE,EL2F27,PE3,,,SUS
17185,?,T6ZA RC PWB2 ICT FIXTURE,EL2F27,PE3,,,SUS
17187,?,T6ZA RC PWB2 ROUTER FIXTURE,EL2F27,PE3,,,SUS
17191,?,TZ3A HL DRL FINAL FUNCTION FIXTURE,EL2F27,PE3,,,SUS
17192,?,TZ3A HL SM ROUTER FIXTURE LH (MOLEX),EL2F18,PE3,,,SUS
17193,205819,CONVEYOR MACHINE,EL2-X-RAY,PE3,,,SUS
17194,205819,LOADER CONVEYOR MACHINE,EL2C2,PE3,,,SUS
17195,205819,UNLOADER MACHINE,EL2-X-RAY,PE3,,,SUS
17196,205819,PUSHER MACHINE,EL2-X-RAY,PE3,,,SUS
17197,205445,X-RAY MACHINE,EL2-X-RAY,PE3,,,SUS
17198,?,TZ3A HL SM ROUTER FIXTURE RH (MOLEX),EL2F18,PE3,,,SUS
17199,0,CHANGE OVER  CART MACHINE,EL2F27,PE3,,,SUS
17200,0,CHANGE OVER CART MACHINE,EL2F27,PE3,,,SUS
17201,0,CHANGE OVER CART MACHINE,EL2F27,PE3,,,SUS
17202,0,POWER SUPPLY DEVICE 4,EL2F27,PE3,,,SUS
17203,0,POWER SUPPLY DEVICE 3,EL2F27,PE3,,,SUS
17204,0,POWER SUPPLY DEVICE 2,EL2F27,PE3,,,SUS
17205,0,POWER SUPPLY DEVICE 1,EL2F27,PE3,,,SUS
17209,0,TEYA CHM TERMINAL SOLDER FIXTURE 1,PE3 LAB,PE3,,,SUS
17210,0,TEYA CHM TERMINAL SOLDER FIXTURE 2,PE3 LAB,PE3,,,SUS
17211,0,TEYA CHM TERMINAL SOLDER FIXTURE 3,PE3 LAB,PE3,,,SUS
17212,0,TEYA CHM ICT FIXTURE,PE3 LAB,PE3,,,SUS
17213,0,TEYA CHM ROUTER FIXTURE,PE3 LAB,PE3,,,SUS
17214,0,TEYA CHM FINAL FUNCTION TERMINAL CHECK FIXTURE,PE3 LAB,PE3,,,SUS
17215,0,T6ZA RC PWB1 TERMINAL SOLDER FIXTURE 1 LH,EL2F30,PE3,,,SUS
17216,0,T6ZA RC PWB1 TERMINAL SOLDER FIXTURE 2 LH,EL2F30,PE3,,,SUS
17217,0,T6ZA RC PWB1 TERMINAL SOLDER FIXTURE 3 LH,EL2F30,PE3,,,SUS
17218,0,T6ZA RC PWB1 TERMINAL SOLDER FIXTURE 1 RH,EL2F30,PE3,,,SUS
17219,0,T6ZA RC PWB1 TERMINAL SOLDER FIXTURE 2 RH,EL2F30,PE3,,,SUS
17220,0,T6ZA RC PWB1 TERMINAL SOLDER FIXTURE 3 RH,EL2F30,PE3,,,SUS
17221,0,T6ZA RC PWB1 ICT FIXTURE LH,EL2F30,PE3,,,SUS
17222,0,T6ZA RC PWB1 ICT FIXTURE RH,EL2F30,PE3,,,SUS
17223,0,T6ZA RC PWB1 ROUTER FIXTURE LH,EL2F30,PE3,,,SUS
17224,0,T6ZA RC PWB1 ROUTER FIXTURE RH,EL2F30,PE3,,,SUS
17225,0,T6ZA RC PWB1 FINAL FUNCTION TERMINAL CHECK FIXTURE LH,EL2F30,PE3,,,SUS
17226,0,T6ZA RC PWB1 FINAL FUNCTION TERMINAL CHECK FIXTURE RH,EL2F30,PE3,,,SUS
17229,207554,3D VISION SYSTEM,PE3 LAB,PE3,,,SUS
17230,208162/208695,REFLOW OVEN MACHINE,EL2C7,PE3,,,SUS
18003,0,NITROGEN GENERATOR MACHINE,EL2F30,PE3,,,SUS
18004,0,NITROGEN GENERATOR MACHINE,EL2F30,PE3,,,SUS
18011,208049,PCB ROUTER MACHINE,EL2F27,PE3,,,SUS
18165,0,TVAA HS CPU ICT FIXTURE,EL2REPAIR,PE3,,,SUS
18166,209291,ICT MACHINE,EL2F19,PE3,,,SUS
18170,208037,AOI MACHINE,EL2C6,PE3,,,SUS
18171,0,AOI MACHINE,EL2C2,PE3,,,SUS
18174,0,TLAA CHM SOLDER PALLET FIXTURE 1,PE3 LAB,PE3,,,SUS
18175,0,TLAA CHM SOLDER PALLET FIXTURE 2,PE3 LAB,PE3,,,SUS
18176,0,TBGA CHM SOLDER PALLET FIXTURE 1,PE3 LAB,PE3,,,SUS
18177,0,TBGA CHM SOLDER PALLET FIXTURE 2,PE3 LAB,PE3,,,SUS
18178,0,SOLDER BASE FIXTURE,EL2F7,PE3,,,SUS
18179,0,SOLDER PALLET EJECTION BASE FIXTURE,EL2F7,PE3,,,SUS
18180,0,TLAA CHM SOLDER PALLET EJECTOR FIXTURE INSERT,PE3 LAB,PE3,,,SUS
18181,0,TBGA CHM SOLDER PALLET EJECTOR FIXTURE INSERT,PE3 LAB,PE3,,,SUS
18182,0,TEYA CHM SOLDER FIXTURE,PE3 LAB,PE3,,,SUS
18183,0,TEYA CHM AOI FIXTURE,PE3 LAB,PE3,,,SUS
18184,0,T6ZA RC PWB1 AOI FIXTURE,EL2F30,PE3,,,SUS
18185,0,TZ5A S-TURN AOI FIXTURE,EL2F30,PE3,,,SUS
18186,0,T6ZA RC PWB1 CORD SET FIXTURE,EL2F30,PE3,,,SUS
18187,0,T6ZA 245 PRINTER SUPPORT PLATE FIXTURE,EL2C4,PE3,,,SUS
18188,0,CHM PRINTER SUPPORT PLATE FIXTURE,EL2C4,PE3,,,SUS
18189,0,TZ5A DST  PRINTER SUPPORT PLATE FIXTURE,EL2C4,PE3,,,SUS
18190,0,TZ3A HL PRINTER SUPPORT PLATE FIXTURE,EL2C4,PE3,,,SUS
18191,0,T6ZA LH PWB1 PASTE PRINTER STENCILS,EL2C4,PE3,,,SUS
18192,0,T6ZA RH PWB1 PASTE PRINTER STENCILS,EL2C4,PE3,,,SUS
18193,0,T6ZA PWB2 PASTE PRINTER STENCILS,EL2C4,PE3,,,SUS
18194,0,TEYA CHM PASTE PRINTER STENCILS,EL2C4,PE3,,,SUS
18195,0,TZ3A CHM PASTE PRINTER STENCILS,EL2C4,PE3,,,SUS
18196,0,TZ3A RL HL TOP PASTE PRINTER STENCILS,EL2C4,PE3,,,SUS
18197,0,TZ3A RL BOT PASTE PRINTER STENCILS,EL2C4,PE3,,,SUS
18198,0,TZ3A LH TOP PASTE PRINTER STENCILS,EL2C4,PE3,,,SUS
18199,0,TZ3A LH BOT PASTE PRINTER STENCILS,EL2C4,PE3,,,SUS
18200,0,TZ5A DST LH TOP PASTE PRINTER STENCILS,EL2C4,PE3,,,SUS
18201,0,TZ5A DST LH BOT PASTE PRINTER STENCILS,EL2C4,PE3,,,SUS
18202,0,TZ5A DST RH TOP PASTE PRINTER STENCILS,EL2C4,PE3,,,SUS
18203,0,TZ5A DST RH BOT PASTE PRINTER STENCILS,EL2C4,PE3,,,SUS
18210,208378/209288,DUST COLLECTOR MACHINE,EL2F34,PE3,,,SUS
18211,NA,THRA LID PWB KIT LH ROUTER FIXTURE,EL2F4,PE3,,,SUS
18212,NA,THRA RC PWB KIT LH ICT FIXTURE,EL2F4,PE3,,,SUS
18213,208375,PCB ROUTER MACHINE,EL2F32,PE3,,,SUS
18214,208376/209287,DUST COLLECTOR MACHINE,EL2F32,PE3,,,SUS
18215,208377,PCB ROUTER MACHINE,EL2F34,PE3,,,SUS
18216,NA,THRA LID PWB KIT RH ROUTER FIXTURE,EL2F4,PE3,,,SUS
18217,NA,THRA LID PWB KIT LH/RH FINAL FUNCTION FIXTURE,EL2F4,PE3,,,SUS
18218,NA,THRA RC PWB KIT RH ICT FIXTURE,EL2F4,PE3,,,SUS
18219,NA,THRA RC PWB KIT LH ROUTER FIXTURE,EL2F4,PE3,,,SUS
18220,NA,THRA RC PWB KIT RH ROUTER FIXTURE,EL2F4,PE3,,,SUS
18221,NA,THRA RC PWB KIT LH/RH FINAL FUNCTION FIXTURE,EL2F4,PE3,,,SUS
18222,NA,T6ZA RC PWB2 FINAL FUNCTION FIXTURE,EL2F27,PE3,,,SUS
18223,NA,THRA HL LED RH ROUTER FIXTURE,EL2F18,PE3,,,SUS
18224,NA,THRA HL LED LH ROUTER FIXTURE,EL2F18,PE3,,,SUS
18227,NA,SOLDER TIP TEMPERATURE MACHINE,EL2-QA,PE3,,,SUS
18228,NA,SOLDER TIP TEMPERATURE MACHINE,EL2-QA,PE3,,,SUS
18229,NA,SOLDER TIP TEMPERATURE MACHINE,EL2F19,PE3,,,SUS
18230,NA,SOLDER TIP TEMPERATURE MACHINE,EL2-QA,PE3,,,SUS
18237,208163 / 200512,LASER MAKER MACHINE,EL2C5,PE3,,,SUS
18240,0,SMT PALLET LOADER CELL MACHINE,EL2C11,PE3,,,SUS
18241,0,"SMT PALLET UNLOAD, TEST & PACK CELL MACHINE",EL2C11,PE3,,,SUS
18248,NA,SOLDER TIP TEMPERATURE MACHINE,EL2F7,PE3,,,SUS
18249,NA,SOLDER TIP TEMPERATURE MACHINE,EL2-QA,PE3,,,SUS
18251,NA,SOLDER TIP TEMPERATURE MACHINE,EL2-QA,PE3,,,SUS
18252,0,TZ3X HL SM FINAL FUNCTION FIXTURE,PE3 LAB,PE3,,,SUS
18253,0,THRA HL LED FINAL FUNCTION FIXTURE,EL2F18,PE3,,,SUS
18320,208172/209275,SOLDER ROBOT MACHINE,EL2F7,PE3,,,SUS
18402,0,LIGHTING FINAL FUNCTION MACHINE,EL2F28,PE3,,,SUS
18404,0,CONTROL PCB FINAL FUNCTION MACHINE 1,EL2F8,PE3,,,SUS
18405,0,CONTROL PCB FINAL FUNCTION MACHINE 2,EL2F8,PE3,,,SUS
18406,0,CONTROL PCB FINAL FUNCTION MACHINE 3,EL2F8,PE3,,,SUS
18407,0,THRA HL CONTROL ICT FIXTURE,EL2F8,PE3,,,SUS
18408,0,THRA HL CONTROL ROUTER FIXTURE,EL2F8,PE3,,,SUS
18425,208999,TVAA HL FT-SM AGP FINAL FUNCTION LH FIXTURE,EL2C11,PE3,,,SUS
18426,208999,TVAA HL FT-SM AGP FINAL FUNCTION RH FIXTURE,EL2C11,PE3,,,SUS
18427,0,TZ5A DST ICT FIXTURE LH,EL2F30,PE3,,,SUS
18428,0,TZ5A DST ICT FIXTURE RH,EL2F30,PE3,,,SUS
18435,0,CASE ASSEMBLY TABLE MACHINE,EL2F14,PE3,,,SUS
18436,0,TZ3X CPU CASE ASSEMBLY FIXTURE,PE3 LAB,PE3,,,SUS
18437,0,TJBA CPU CASE ASSEMBLY FIXTURE,EL2F14,PE3,,,SUS
18460,0,PCB ROUTER MACHINE,EL2F31,PE3,,,SUS
18463,0,SEALANT MACHINE,EL2F32,PE3,,,SUS
18466,0,SEALANT CURE OVEN  MACHINE,EL2F32,PE3,,,SUS
19013,209282,STENCIL WASHER MACHINE,EL2-SMT,PE3,,,SUS
19014,0,HS CPU ASSEMBLY UNLOAD FIXTURE,EL2F25,PE3,,,SUS
19015,0,HS CPU ASSEMBLY LOAD FIXTURE,EL2F25,PE3,,,SUS
19024,0,HS CPU ASSEMBLY TRANSFER TO CELL 1 AND CELL 2 FIXTURE,EL2F25,PE3,,,SUS
19025,0,TVAA HS CPU CLIP CHECK FIXTURE,EL2F25,PE3,,,SUS
19026,0,TLAA HS CPU CLIP CHECK FIXTURE,EL2F19,PE3,,,SUS
19027,0,HS CPU ASSEMBLY TRANSFER PCB UNLOAD FIXTURE,EL2F25,PE3,,,SUS
19043,0,THRX HL HI-LO PWB 1/2/3 RH FINAL FUNCTION FIXTURE,EL2C11,PE3,,,SUS
19052,0,FINAL FUNCTION  MACHINE,EL2F34,PE3,,,SUS
19172,209290,GATE CONVEYOR MACHINE,EL2C6,PE3,,,SUS
19173,209285,NPM PLACEMENT MACHINE 3 (8/3),EL2C6,PE3,,,SUS
19174,209286,NPM PLACEMENT MACHINE 4 (8/3),EL2C6,PE3,,,SUS
19211,,INLINE PCB ROUTER MACHINE,EL2F19,PE3,,,SUS
19212,,TLAA HS CPU ROUTER FIXTURE (DUPLICATE),EL2F19,PE3,,,SUS
19224,,TYAA FOG DRIVER FINAL FUNCTION FIXTURE,EL2F7,PE3,,,SUS
19225,,TYAA FOG DRIVER ICT FIXTURE,PE3 LAB,PE3,,,SUS
19226,,TYAA FOG DRIVER SOLDER FIXTURE 1,EL2F7,PE3,,,SUS
19230,N/A,TYAAĀFOGĀLEDĀFPC PRESSĀFIXTUREĀRHĀ(SPARE),EL2F33,PE3,,,SUS
19231,N/A,TYAAĀFOGĀLEDĀFPC PRESSĀFIXTUREĀRHĀ(MAIN),EL2F33,PE3,,,SUS
19232,N/A,TYAAĀFOGĀLEDĀFPC PRESSĀFIXTUREĀLHĀ(SPARE),EL2F33,PE3,,,SUS
19233,N/A,TYAAĀFOGĀLEDĀFPC PRESSĀFIXTUREĀLHĀ(MAIN),EL2F33,PE3,,,SUS
19234,N/A,TYAA FOG LED UNIT HEAT STAKE FIXTURE RH/LH,EL2F33,PE3,,,SUS
19235,N/A,TYAA FOG LED UNIT HEAT STAKE HANDWORK FIXTURE RH,EL2F33,PE3,,,SUS
19236,N/A,TYAA FOG LED UNIT HEAT STAKE HANDWORK FIXTURE LH,EL2F33,PE3,,,SUS
19237,N/A,TYAA FOG LED UNIT HEAT STAKE CHANGEOVER CART FIXTURE,EL2F33,PE3,,,SUS
19238,N/A,TYAA FOG LED UNIT FINAL FUNCTION FIXTURE RH/LH,EL2F33,PE3,,,SUS
19240,N/A,TYAA FOG DRIVER SEALANT FIXTURE,EL2F7,PE3,,,SUS
19242,N/A,TYAA FOG DRIVER ROUTER FIXTURE,EL2F7,PE3,,,SUS
19243,209289,ICT MACHINE,EL2F34,PE3,,,SUS
19278,0,TVAA HL FT-SM PWB SUPPLY   RH #1  FIXTURE,EL2C11,PE3,,,SUS
19279,0,TVAA HL FT-SM PWB SUPPLY RH #2 FIXTURE,EL2C11,PE3,,,SUS
19280,0,TVAA HL FT-SM PWB SUPPLY   RH #3 FIXTURE,EL2C11,PE3,,,SUS
19281,0,TVAA HL FT-SM PWB SUPPLY   RH #4 FIXTURE,EL2C11,PE3,,,SUS
19282,0,TVAA HL FT-SM PWB SUPPLY   RH #5 FIXTURE,EL2C11,PE3,,,SUS
19283,0,TVAA HL FT-SM PWB SUPPLY   RH #6 FIXTURE,EL2C11,PE3,,,SUS
19284,0,TVAA HL FT-SM PWB SUPPLY   LH #1 FIXTURE,EL2C11,PE3,,,SUS
19285,0,TVAA HL FT-SM PWB SUPPLY   LH #2 FIXTURE,EL2C11,PE3,,,SUS
19286,0,TVAA HL FT-SM PWB SUPPLY   LH #3 FIXTURE,EL2C11,PE3,,,SUS
19287,0,TVAA HL FT-SM PWB SUPPLY   RH #4 FIXTURE,EL2C11,PE3,,,SUS
19288,0,TVAA HL FT-SM PWB SUPPLY   LH #5 FIXTURE,EL2C11,PE3,,,SUS
19289,0,TVAA HL FT-SM PWB SUPPLY   LH #6 FIXTURE,EL2C11,PE3,,,SUS
19290,0,TVAA HL FT-SM PWB LOAD END OF ARM RH TOOLING,EL2C11,PE3,,,SUS
19291,0,TVAA HL FT-SM PWB LOAD END OF ARM LH TOOLING,EL2C11,PE3,,,SUS
19353,,TYAA RCL DRIVER LID KIT CHECKER BOX DEVICE 1,EL2F5,PE3,,,SUS
19354,,TYAA RCL DRIVER LID KIT CHECKER BOX DEVICE 2,EL2F5,PE3,,,SUS
19355,,FINAL FUNCTION MACHINE 1,EL2F5,PE3,,,SUS
19356,,FINAL FUNCTION MACHINE 2,EL2F5,PE3,,,SUS
19357,,SEALANT MACHINE (ROBOT),EL2F5,PE3,,,SUS
19358,,TYAA RCL DRIVER LH SEALANT FIXTURE,EL2F5,PE3,,,SUS
19359,,TYAA RCL DRIVER RH SEALANT FIXTURE,EL2F5,PE3,,,SUS
19360,,TYAA LID KIT LH SEALANT FIXTURE,EL2F5,PE3,,,SUS
19361,,TYAA LID KIT RH SEALANT FIXTURE,EL2F5,PE3,,,SUS
19362,,ICT MACHINE,EL2F5,PE3,,,SUS
19363,,TYAA RC DRIVER LH ICT FIXTURE,EL2F5,PE3,,,SUS
19364,,TYAA RC DRIVER RH ICT FIXTURE,EL2F5,PE3,,,SUS
19365,,TYAA LID KIT LH ICT FIXTURE,EL2F5,PE3,,,SUS
19366,,TYAA LID KIT RH ICT FIXTURE,EL2F5,PE3,,,SUS
19367,,TYAA LID KIT LH FINAL TEST FIXTURE #1,EL2F5,PE3,,,SUS
19368,,TYAA LID KIT RH FINAL TEST FIXTURE #1,EL2F5,PE3,,,SUS
19369,,TYAA RC DRIVER LH FINAL TEST FIXTURE #1,EL2F5,PE3,,,SUS
19370,,TYAA RC DRIVER RH FINAL TEST FIXTURE #1,EL2F5,PE3,,,SUS
19371,,TYAA RC LED LH FINAL TEST FIXTURE,EL2F27,PE3,,,SUS
19372,,TYAA RC LED RH FINAL TEST FIXTURE,EL2F27,PE3,,,SUS
19373,,TYAA RC DRIVER LH ROUTER FIXTURE,EL2F5,PE3,,,SUS
19374,,TYAA RC DRIVER RH ROUTER FIXTURE,EL2F5,PE3,,,SUS
19375,,TYAA LID KIT RH ROUTER FIXTURE,EL2F5,PE3,,,SUS
19376,,TYAA LID KIT LH ROUTER FIXTURE,EL2F5,PE3,,,SUS
19377,,TYAA LED LH ROUTER FIXTURE,EL2F27,PE3,,,SUS
19378,,TYAA RC LED RH ROUTER FIXTURE,EL2F27,PE3,,,SUS
19379,,SEALANT CURE OVEN MACHINE,EL2F5,PE3,,,SUS
19380,209301,PCB ROUTER MACHINE,EL2F5,PE3,,,SUS
19381,209300,DUST COLLECTOR MACHINE,EL2F5,PE3,,,SUS
19382,,TYAA RC DRIVER LH CURE PALLETS FIXTURE,EL2F5,PE3,,,SUS
19383,,TYAA RC DRIVER RH CURE PALLETS FIXTURE,EL2F5,PE3,,,SUS
19384,,TYAA LID KIT RH CURE PALLETS FIXTURE,EL2F5,PE3,,,SUS
19385,,TYAA LID KIT LH CURE PALLETS FIXTURE,EL2F5,PE3,,,SUS
19393,0,TGVA CHM PALLET FIXTURE 1,EL2F6,PE3,,,SUS
19394,0,TGVA CHM PALLET FIXTURE 2,EL2F6,PE3,,,SUS
19395,0,TGVA CHM PALLET FIXTURE 3,EL2F6,PE3,,,SUS
19396,0,TGVA CHM PALLET FIXTURE 4,EL2F6,PE3,,,SUS
19397,0,TGVA CHM FINAL FUNCTION FIXTURE,EL2F6,PE3,,,SUS
19398,0,TGVA CHM ICT FIXTURE,EL2F6,PE3,,,SUS
19399,0,TZ3A HMSL FINAL TEST FIXTURE,PE3 LAB,PE3,,,SUS
19400,0,TZ3A HMSL ICT FIXTURE,PE3 LAB,PE3,,,SUS
19401,0,STENCIL TENSION MEASUREMENT TABLE,EL2-SMT,PE3,,,SUS
19428,0,LOAD CELL 6-AXIS TRANSFER ROBOT CONTROLLER,EL2C11,PE3,,,SUS
19429,0,LOAD CELL 6-AXIS TRANSFER ROBOT,EL2C11,PE3,,,SUS
19430,0,TVAA HL FT-SM PWB UNLOAD ROBOT 1 END OF ARM TOOLING LH,EL2C11,PE3,,,SUS
19431,0,TVAA HL FT-SM PWB UNLOAD ROBOT 1 END OF ARM TOOLING RH,EL2C11,PE3,,,SUS
19432,0,TVAA HL FT-SM PWB UNLOAD ROBOT 1 END OF ARM TOOLING LH,EL2C11,PE3,,,SUS
19433,0,TVAA HL FT-SM PWB UNLOAD ROBOT 1 END OF ARM TOOLING RH,EL2C11,PE3,,,SUS
19434,0,UNLOAD CELL 6-AXIS TRANSFER ROBOT 1 CONTROLLER,EL2C11,PE3,,,SUS
19435,0,UNLOAD CELL 6-AXIS TRANSFER ROBOT 1,EL2C11,PE3,,,SUS
19436,0,UNLOAD CELL 6-AXIS TRANSFER ROBOT 2 CONTROLLER,EL2C11,PE3,,,SUS
19437,0,UNLOAD CELL 6-AXIS TRANSFER ROBOT 2,EL2C11,PE3,,,SUS
19438,0,UNLOAD CELL TUB LOAD/UNLOAD CONVEYOR MACHINE,EL2C11,PE3,,,SUS
19440,0,T2AA CHM ICT FIXTURE,EL2F28,PE3,,,SUS
19467,0,TZ3A HMSL CORD CP SOLDER FIXTURE 1,PE3 LAB,PE3,,,SUS
19468,0,TZ3A HMSL CORD CP SOLDER FIXTURE 2,PE3 LAB,PE3,,,SUS
19469,0,TZ3A HMSL CORD CP SOLDER FIXTURE 3,PE3 LAB,PE3,,,SUS
19482,0,TGVA LICL FINAL FUNCTION FIXTURE,EL2F28,PE3,,,SUS
19483,0,TGVA LICL ICT FIXTURE,EL2F28,PE3,,,SUS
19484,0,TGVA LICL ROUTER FIXTURE,EL2F28,PE3,,,SUS
19485,0,TGVA LICL SOLDER PALLET FIXTURE #1,EL2F28,PE3,,,SUS
19486,0,TGVA LICL SOLDER PALLET FIXTURE #2,EL2F28,PE3,,,SUS
19487,0,TGVA LICL SOLDER PALLET FIXTURE #3,EL2F28,PE3,,,SUS
19488,0,TGVA LICL SOLDER PALLET FIXTURE #4,EL2F28,PE3,,,SUS
19489,209292,TGVA HS CPU ICT W/ROM FIXTURE,EL2F19,PE3,,,SUS
19506,0,LOAD CELL 1500MM LINK CONVEYOR MACHINE,EL2C11,PE3,,,SUS
19507,0,UNLOAD CELL 1500MM LINK CONVEYOR MACHINE,EL2C11,PE3,,,SUS
19508,209298,BARCODE SCANNING CONVEYOR MACHINE,EL2C10,PE3,,,SUS
19509,209297,BARCODE SCANNING CONVEYOR MACHINE,EL2C9,PE3,,,SUS
19510,209302,BARCODE SCANNING CONVEYOR MACHINE,EL2C5,PE3,,,SUS
19511,209624,INLINE SEALANT MACHINE,EL2F50,PE3,,,SUS
19512,209628,SMT GLUE DISPENSER MACHINE,EL2SBO-1,PE3,,,SUS
19513,0,BOARD CLEANER MACHINE,PE3 LAB,PE3,,,SUS
19514,0,SOLDER ROBOT MACHINE,EL2F31,PE3,,,SUS
20056,0,IONIZER FAN MACHINE,EL2REPAIR,PE3,,,SUS
20151,0,TYAA RJB CONNECTOR SCREW FIXTURE,EL2F31,PE3,,,SUS
20152,0,CONNECTOR SCREW ROBOT MACHINE,EL2F31,PE3,,,SUS
20153,0,TYAA RJB COVER ASSY FIXTURE,EL2F31,PE3,,,SUS
20154,0,TYAA RJB FINAL FUNCTION FIXTURE 1,EL2F31,PE3,,,SUS
20155,0,TYAA RJB FINAL FUNCTION FIXTURE 2,EL2F31,PE3,,,SUS
20156,0,FINAL FUNCTION MACHINE 1,EL2F31,PE3,,,SUS
20157,0,FINAL FUNCTION MACHINE 2,EL2F31,PE3,,,SUS
20158,0,TYAA RJB HEAT SINK SCREW FIXTURE,EL2F31,PE3,,,SUS
20159,0,HEAT SINK SCREW MACHINE,EL2F31,PE3,,,SUS
20160,0,TYAA RJB ICT FIXTURE,EL2F31,PE3,,,SUS
20161,0,ICT MACHINE,EL2F31,PE3,,,SUS
20162,0,TYAA RJB ROUTER FIXTURE,EL2F31,PE3,,,SUS
20163,0,SEALANT CURE OVEN MACHINE,EL2F31,PE3,,,SUS
20164,0,TYAA RJB SEALANT FIXTURE,EL2F31,PE3,,,SUS
20165,0,SEALANT MACHINE,EL2F31,PE3,,,SUS
20166,0,TGVA LID BACK LH ICT FIXTURE,EL2F34,PE3,,,SUS
20167,0,TGVA LID BACK RH ICT FIXTURE,EL2F34,PE3,,,SUS
20168,0,TGVA RC CONTROL RH ICT FIXTURE,EL2F32,PE3,,,SUS
20169,0,TGVA RC CONTROL LH ICT FIXTURE,EL2F32,PE3,,,SUS
20176,0,DUST COLLECTOR MACHINE,EL2F31,PE3,,,SUS
20177,0,SOLDER ROBOT FIXTURE 1,EL2F31,PE3,,,SUS
20178,0,SOLDER ROBOT FIXTURE 2,EL2F31,PE3,,,SUS
20179,210147,NPM PLACEMENT MACHINE,EL2C5,PE3,,,SUS
20180,210148,NPM PLACEMENT MACHINE,EL2C5,PE3,,,SUS
20324,0,ICT MACHINE,EL2F25,PE3,,,SUS
20354,0,TGVA HS CPU ICT W/ROM FIXTURE,PE3 LAB,PE3,,,SUS
20355,0,TGVA HS CPU ILS FIXTURE W/ROM (SPARE),PE3 LAB,PE3,,,SUS
20356,0,SOLDER TIP TEMPERATURE MACHINE,EL2-QA,PE3,,,SUS
20357,0,SOLDER TIP TEMPERATURE MACHINE,EL2-QA,PE3,,,SUS
20363,0,TURN CONVEYOR MACHINE,EL2C12,PE3,,,SUS
20364,0,SMT PALLET LOAD CELL MACHINE,EL2C15,PE3,,,SUS
20365,0,LASER MARK MACHINE,EL2C12,PE3,,,SUS
20366,0,PCB CLEANER MACHINE,EL2C12,PE3,,,SUS
20368,0,PASTE PRINTER MACHINE,EL2C12,PE3,,,SUS
20369,0,SOLDER PASTE INSPECTION MACHINE,EL2C12,PE3,,,SUS
20370,0,500MM LINKING CONVEYOR MACHINE,EL2C12,PE3,,,SUS
20371,0,PLACEMENT MACHINE,EL2C12,PE3,,,SUS
20372,0,TURN CONVEYOR 2,EL2C12,PE3,,,SUS
20373,0,TELESCOPING CONVEYOR MACHINE,EL2C12,PE3,,,SUS
20375,0,7 ZONE REFLOW OVEN MACHINE,EL2C12,PE3,,,SUS
20376,0,BUFFER CONVEYOR MACHINE,EL2C12,PE3,,,SUS
20377,0,500MM LINKING CONVEYOR MACHINE,EL2C12,PE3,,,SUS
20378,0,AOI MACHINE,EL2C12,PE3,,,SUS
20379,0,NG SORTING MAGAZINE UNLOADER,EL2C12,PE3,,,SUS
20381,0,FINAL FUNCTION MACHINE,EL2C11,PE3,,,SUS
20382,0,STENCIL WASHER MACHINE,EL2-SMT,PE3,,,SUS
20383,0,THRX HL HI-LO PWB 1/2/3  LH FINAL FUNCTION FIXTURE,EL2C11,PE3,,,SUS
20396,0,TYAA RJB PWB BENT PIN CHECK FIXTURE,EL2F31,PE3,,,SUS
20397,0,BENT PIN CHECK MACHINE,EL2F31,PE3,,,SUS
20398,0,HEAT SINK ASSEMBLY STATION MACHINE,EL2F31,PE3,,,SUS
20399,0,TYAA RJB PWB HEAT SINK SCREW ASSEMBLY FIXTURE 1,EL2F31,PE3,,,SUS
20400,0,TYAA RJB PWB HEAT SINK SCREW ASSEMBLY FIXTURE 2,EL2F31,PE3,,,SUS
20401,0,TYAA RJB PWB HEAT SINK SCREW ASSEMBLY FIXTURE 3,EL2F31,PE3,,,SUS
20402,0,HEAT SINK SCREW ASSEMBLY UNLOAD STATION MACHINE,EL2F31,PE3,,,SUS
20411,0,TYAAĀFOGĀDRIVERĀSOLDERĀFIXTURE 2,EL2F7,PE3,,,SUS
20412,0,TYAAĀFOGĀDRIVERĀSOLDERĀFIXTURE 3,EL2F7,PE3,,,SUS
20413,0,TYAAĀFOGĀDRIVERĀSOLDERĀFIXTURE 4,EL2F7,PE3,,,SUS
20461,209013,TGVA CPU ICT FIXTURE,EL2F14,PE3,,,SUS
20560,0,TGVA RC CONTROL LH ROUTER FIXTURE,EL2F32,PE3,,,SUS
20561,0,TGVA RC CONTROL RH ROUTER FIXTURE,EL2F32,PE3,,,SUS
20562,0,TGVA RC CONTROL LH & RH CASE ASSY FIXTURE,EL2F32,PE3,,,SUS
20563,0,TGVA RC CONTROL LH & RH SEALANT FIXTURE,EL2F32,PE3,,,SUS
20564,0,TGVA RC CONTROL LH & RH FINAL FUNCTION FIXTURE 1,EL2F32,PE3,,,SUS
20565,0,TGVA RC CONTROL LH & RH FINAL FUNCTION FIXTURE 2,EL2F32,PE3,,,SUS
20566,0,TGVA RC LED KIT LH ROUTER FIXTURE,EL2F34,PE3,,,SUS
20567,0,TGVA RC LED KIT RH ROUTER FIXTURE,EL2F34,PE3,,,SUS
20568,0,TGVA LID TAIL STOP LH ROUTER FIXTURE,EL2F34,PE3,,,SUS
20569,0,TGVA LID TAIL STOP RH ROUTER FIXTURE,EL2F34,PE3,,,SUS
20570,0,TGVA LID BACK LH ROUTER FIXTURE,EL2F34,PE3,,,SUS
20571,0,TGVA LID BACK RH ROUTER FIXTURE,EL2F34,PE3,,,SUS
20581,,FUME EXTRACTOR MACHINE,EL2F25,PE3,,,SUS
20582,,FUME EXTRACTOR MACHINE,EL2F25,PE3,,,SUS
20583,,FUME EXTRACTOR MACHINE,EL2F6,PE3,,,SUS
20584,,FUME EXTRACTOR MACHINE,EL2F19,PE3,,,SUS
20585,,FUME EXTRACTOR MACHINE,EL2F19,PE3,,,SUS
20586,,FUME EXTRACTOR MACHINE,PE3 LAB,PE3,,,SUS
20587,,FUME EXTRACTOR MACHINE,EL2F31,PE3,,,SUS
20588,,FUME EXTRACTOR MACHINE,EL2F25,PE3,,,SUS
20589,,FUME EXTRACTOR MACHINE,EL2F28,PE3,,,SUS
20590,,FUME EXTRACTOR MACHINE,EL2F17,PE3,,,SUS
20592,,FUME EXTRACTOR MACHINE,EL2F19,PE3,,,SUS
20593,,FUME EXTRACTOR MACHINE,EL2F28,PE3,,,SUS
20594,,FUME EXTRACTOR MACHINE,EL2F30,PE3,,,SUS
20595,0,INK JET MARKING CONTROLLER MACHINE,EL2F32,PE3,,,SUS
20596,0,INK JET MARKING HEAD 1 MACHINE,EL2F32,PE3,,,SUS
20597,0,INK JET MARKING HEAD 2 MACHINE,EL2F32,PE3,,,SUS
20871,0,NPM W2 PLACEMENT MACHINE,EL2C7,PE3,,,SUS
20872,0,BARCODE SCANNING CONVEYOR MACHINE,EL2C7,PE3,,,SUS
20873,0,SMT GLUE DISPENSER MACHINE,EL2SBO-1,PE3,,,SUS
20874,0,BARCODE SCANNING CONVEYOR  MACHINE,EL2C4,PE3,,,SUS
20875,0,NPM W2 PLACEMENT MACHINE,EL2C7,PE3,,,SUS
20876,0,LIGHTING FINAL FUNCTION MACHINE,EL2F10,PE3,,,SUS
20877,0,LIGHTING FINAL FUNCTION MACHINE,EL2F11,PE3,,,SUS
20878,0,LIGHTING FINAL FUNCTION MACHINE,EL2F12,PE3,,,SUS
20879,,3A0A LID KIT LH FINAL FIXTURE,EL2F10,PE3,,,SUS
20880,0,3A0A LID KIT LH FINAL FIXTURE,EL2F12,PE3,,,SUS
20881,0,3A0A LID KIT LH ICT FIXTURE,EL2F10,PE3,,,SUS
20882,0,3A0A LID KIT LH ICT FIXTURE,EL2F12,PE3,,,SUS
20883,0,3A0A LID KIT LH ROUTER FIXTURE,EL2F12,PE3,,,SUS
20884,0,3A0A LID KIT LH ROUTER FIXTURE,EL2F10,PE3,,,SUS
20885,0,3A0A LID KIT RH FINAL FIXTURE,EL2F10,PE3,,,SUS
20886,0,3A0A LID KIT RH FINAL FIXTURE,EL2F11,PE3,,,SUS
20887,0,3A0A LID KIT RH ICT FIXTURE,EL2F11,PE3,,,SUS
20888,0,3A0A LID KIT RH ICT FIXTURE,EL2F10,PE3,,,SUS
20889,0,3A0A LID KIT RH ROUTER FIXTURE,EL2F10,PE3,,,SUS
20890,0,3A0A LID KIT RH ROUTER FIXTURE,EL2F11,PE3,,,SUS
20893,,AGING RACK MACHINE 1,BST-50067A,PE3,,,SUS
20894,,AGING RACK MACHINE 2,BST-50067A,PE3,,,SUS
20895,,AGING RACK MACHINE 3,BST-50067A,PE3,,,SUS
21022,0,TYAA FOG CONTROL CHECKER BOX DEVICE 1,EL2F7,PE3,,,SUS
21023,0,TYAA FOG CONTROL CHECKER BOX DEVICE 2,PE3 LAB,PE3,,,SUS
21024,206131,THRA HL CONTROL CHECKER BOX DEVICE 2,EL2F8,PE3,,,SUS
21025,206131,THRA HL CONTROL CHECKER BOX DEVICE 3,EL2F8,PE3,,,SUS
21026,206131,THRA HL CONTROL CHECKER BOX DEVICE 1,EL2F8,PE3,,,SUS
21031,0,TYAA RJB CHECKER BOX DEVICE 3,EL2F31,PE3,,,SUS
21032,0,TYAA RJB CHECKER BOX DEVICE 2,PE3 LAB,PE3,,,SUS
21033,0,TYAA RJB CHECKER BOX DEVICE 1,EL2F31,PE3,,,SUS
21034,0,TGVA RC CONTROL CHECKER BOX DEVICE 3,PE3 LAB,PE3,,,SUS
21035,0,TGVA RC CONTROL CHECKER BOX DEVICE 2,EL2F32,PE3,,,SUS
21036,0,TGVA RC CONTROL CHECKER BOX DEVICE 1,EL2F32,PE3,,,SUS
21040,,ICT MACHINE,EL2F1,PE3,,,SUS
21041,,LIGHTING FINAL FUNCTION MACHINE,EL2F1,PE3,,,SUS
21042,,3A0A RC KIT LH ICT FIXTURE,EL2F3,PE3,,,SUS
21043,,3A0A RC KIT LH ROUTER FIXTURE,EL2F3,PE3,,,SUS
21044,,3A0A RC KIT LH FINAL FUNCTION FIXTURE,EL2F3,PE3,,,SUS
21045,,ICT MACHINE,EL2F0,PE3,,,SUS
21046,,LIGHTING FINAL FUNCTION MACHINE,EL2F0,PE3,,,SUS
21047,,3A0A RC KIT LH ICT FIXTURE,EL2F1,PE3,,,SUS
21048,,3A0A RC KIT LH ROUTER FIXTURE,EL2F1,PE3,,,SUS
21049,,3A0A RC KIT LH FINAL FUNCTION FIXTURE,EL2F1,PE3,,,SUS
21050,,ICT MACHINE,EL2F2,PE3,,,SUS
21051,,PCB ROUTER MACHINE,EL2F0,PE3,,,SUS
21052,,DUST COLLECTOR MACHINE,EL2F0,PE3,,,SUS
21053,,LIGHTING FINAL FUNCTION MACHINE,EL2F2,PE3,,,SUS
21054,,3A0A RC KIT RH ICT FIXTURE,EL2F25,PE3,,,SUS
21055,,3A0A RC KIT RH ROUTER FIXTURE,EL2F0,PE3,,,SUS
21056,,3A0A RC KIT RH FINAL FUNCTION FIXTURE,EL2F0,PE3,,,SUS
21057,,ICT MACHINE,EL2F3,PE3,,,SUS
21058,,PCB ROUTER MACHINE,EL2F1,PE3,,,SUS
21059,,DUST COLLECTOR MACHINE,EL2F1,PE3,,,SUS
21060,,LIGHTING FINAL FUNCTON MACHINE,EL2F3,PE3,,,SUS
21061,,3A0A RC KIT RH ICT FIXTURE,EL2F0,PE3,,,SUS
21062,,3A0A RC KIT RH ROUTER FIXTURE,EL2F2,PE3,,,SUS
21063,,3A0A RC KIT RH FINAL FUNCTION FIXTURE,EL2F2,PE3,,,SUS
21066,0,T20A HS CPU ICT ROM FIXTURE #1,PE3 LAB,PE3,,,SUS
21067,0,T20A HS CPU ICT ROM FIXTURE #2,PE3 LAB,PE3,,,SUS
21068,0,TJBA & TGVA CPU ICT ROM FIXTURE,EL2REPAIR,PE3,,,SUS
21098,0,T2AA CHM ICT (REPLACEMENT) FIXTURE,EL2F28,PE3,,,SUS
21147,0,SMT GLUE DISPENSER MACHINE,EL2C7,PE3,,,SUS
21385,211489,BARCODE SCANNING CONVEYOR MACHINE,EL2C6,PE3,,,SUS
21390,0,TYAA RCL DRIVER LID KIT SW BOX DEVICE 1,EL2F5,PE3,,,SUS
21391,0,POWER SUPPLY DEVICE 1,EL2F5,PE3,,,SUS
21392,0,MULTIMETER DEVICE 1,EL2F5,PE3,,,SUS
21393,0,TYAA RCL DRIVER LID KIT SW BOX DEVICE 2,EL2F5,PE3,,,SUS
21394,0,POWER SUPPLY DEVICE 2,EL2F5,PE3,,,SUS
21395,0,MULTIMETER DEVICE 2,EL2F5,PE3,,,SUS
21397,0,MULTIMETER DEVICE,EL2F7,PE3,,,SUS
21398,0,POWER SUPPLY DEVICE,EL2F8,PE3,,,SUS
21399,0,SCOPE DEVICE 1,EL2F8,PE3,,,SUS
21400,0,MULTIMETER DEVICE 1,EL2F8,PE3,,,SUS
21401,0,POWER SUPPLY DEVICE 2,EL2F8,PE3,,,SUS
21402,0,SCOPE DEVICE 2,EL2F8,PE3,,,SUS
21403,0,MULTIMETER DEVICE 2,EL2F8,PE3,,,SUS
21404,0,POWER SUPPLY DEVICE 3,EL2F8,PE3,,,SUS
21405,0,SCOPE DEVICE,EL2F8,PE3,,,SUS
21406,0,MULTIMETER DEVICE 3,EL2F8,PE3,,,SUS
21422,0,TJBA CPU LOAD BOX DEVICE 1,EL2F14,PE3,,,SUS
21423,0,MULTIMETER DEVICE 1,EL2F14,PE3,,,SUS
21424,0,TJBA CPU LOAD BOX DEVICE 2,EL2F14,PE3,,,SUS
21425,0,MULTIMETER DEVICE 2,EL2F14,PE3,,,SUS
21426,0,THRA REAR PANEL C HECKER BOX DEVICE 1,EL2F17,PE3,,,SUS
21427,0,THRA REAR PANEL CHECKER BOX DEVICE 2,EL2F17,PE3,,,SUS
21428,0,THRA REAR PANEL CHECKER BOX DEVICE 3,EL2F17,PE3,,,SUS
21429,0,MULTIMETER DEVICE,EL2F18,PE3,,,SUS
21430,0,POWER SUPPLY DEVICE 1,EL2F18,PE3,,,SUS
21431,0,POWER SUPPLY DEVICE 2,EL2F18,PE3,,,SUS
21432,0,HS CPU LOAD BOX DEVICE 1,EL2F19,PE3,,,SUS
21433,0,HS CPU LOAD BOX DEVICE 2,EL2F19,PE3,,,SUS
21434,0,HS CPU LOAD BOX DEVICE 3,EL2F19,PE3,,,SUS
21435,0,HS CPU LOAD BOX DEVICE 4,PE3 LAB,PE3,,,SUS
21436,0,HS CPU LOAD BOX DEVICE 1,EL2F25,PE3,,,SUS
21437,0,HS CPU LOAD BOX DEVICE 2,EL2F25,PE3,,,SUS
21438,0,HS CPU LOAD BOX DEVICE 3,EL2F25,PE3,,,SUS
21454,0,NPM W2 PLACEMENT MACHINE,EL2C9,PE3,,,SUS
21455,0,NPM W2 PLACEMENT MACHINE,EL2C10,PE3,,,SUS
21472,0,FINAL POWER SUPPLY DEVICE 1,EL2F30,PE3,,,SUS
21473,0,TYAA RJB SW BOX DEVICE 1,EL2F31,PE3,,,SUS
21474,0,POWER SUPPLY DEVICE 1,EL2F31,PE3,,,SUS
21475,0,MULTIMETER DEVICE 1,EL2F31,PE3,,,SUS
21476,0,TYAA RJB SW BOX DEVICE 2,EL2F31,PE3,,,SUS
21477,0,POWER SUPPLY DEVICE 2,EL2F31,PE3,,,SUS
21478,0,MULTIMETER DEVICE 2,EL2F31,PE3,,,SUS
21479,0,TGVA RC CONTROL SW BOX DEVICE 1,EL2F32,PE3,,,SUS
21480,0,TGVA RC CONTROL SW BOX DEVICE 2,EL2F32,PE3,,,SUS
21481,0,POWER SUPPLY DEVICE 1,EL2F32,PE3,,,SUS
21482,0,MULTIMETER DEVICE 1,EL2F32,PE3,,,SUS
21483,0,POWER SUPPLY DEVICE 2,EL2F32,PE3,,,SUS
21484,0,MULTIMETER DEVICE 2,EL2F32,PE3,,,SUS
21485,0,MULTIMETER DEVICE 1,EL2F33,PE3,,,SUS
21486,0,POWER SUPPLY DEVICE 1,EL2F33,PE3,,,SUS
21487,0,POWER SUPPLY DEVICE 2,EL2F33,PE3,,,SUS
21488,,MULTIMETER DEVICE 1,EL2F34,PE3,,,SUS
21489,,POWER SUPPLY DEVICE 1,EL2F34,PE3,,,SUS
21490,,POWER SUPPLY DEVICE 2,EL2F34,PE3,,,SUS
21491,,POWER SUPPLY DEVICE 3,EL2F34,PE3,,,SUS
21492,,TJBA CPU LOAD BOX DEVICE 3,EL2-QC,PE3,,,SUS
21493,,MULTIMETER DEVICE,EL2-QC,PE3,,,SUS
21494,,LCR DEVICE,EL2C11,PE3,,,SUS
21495,,POWER SUPPLY 1 DEVICE,EL2C11,PE3,,,SUS
21496,,POWER SUPPLY 2 DEVICE,EL2C11,PE3,,,SUS
21497,,POWER SUPPLY 3 DEVICE,EL2C11,PE3,,,SUS
21498,,POWER SUPPLY 4 DEVICE,EL2C11,PE3,,,SUS
21499,,MULTIMETER 1 DEVICE,EL2C11,PE3,,,SUS
21500,,MULTIMETER 2 DEVICE,EL2C11,PE3,,,SUS
21501,,POWER SUPPLY 1 DEVICE,EL2C11,PE3,,,SUS
21502,,POWER SUPPLY 2 DEVICE,EL2C11,PE3,,,SUS
21503,,POWER SUPPLY 3 DEVICE,EL2C11,PE3,,,SUS
21504,0,FUME EXTRACTOR MACHINE,PE3 LAB,PE3,,,SUS
21505,0,2 FAN IONIZER MACHINE,EL2F31,PE3,,,SUS
21530,,POWER SUPPLY DEVICE 2,EL2F11,PE3,,,SUS
21531,,POWER SUPPLY DEVICE 2,EL2F1,PE3,,,SUS
21532,,POWER SUPPLY DEVICE 1,EL2F0,PE3,,,SUS
21547,,POWER SUPPLY DEVICE 1,EL2F11,PE3,,,SUS
21548,,POWER SUPPLY DEVICE 1,EL2F1,PE3,,,SUS
21549,,POWER SUPPLY DEVICE 2,EL2F0,PE3,,,SUS
22081,NA,30AA HL SM FINAL FUNCTION FIXTURE,EL2F27,PE3,,,SUS
22086,NA,TGVX CPU FINAL FUNCTION FIXTURE,EL2F14,PE3,,,SUS
22087,N/A,30AA HL DRL-PO-FT FINAL FUNCTION LH FIXTURE,EL2C11,PE3,,,SUS
22088,N/A,30AA HL DRL-PO-FT FINAL FUNCTION RH FIXTURE,EL2C11,PE3,,,SUS
22162,,POWER SUPPLY DEVICE 2,EL2F12,PE3,,,SUS
22163,,POWER SUPPLY DEVICE 1,EL2F12,PE3,,,SUS
22164,,POWER SUPPLY DEVICE 2,EL2F10,PE3,,,SUS
22165,,POWER SUPPLY DEVICE 1,EL2F10,PE3,,,SUS
22166,,POWER SUPPLY DEVICE 2,EL2F3,PE3,,,SUS
22167,,POWER SUPPLY DEVICE 1,EL2F3,PE3,,,SUS
22168,,POWER SUPPLY DEVICE 2,EL2F2,PE3,,,SUS
22169,,POWER SUPPLY DEVICE 1,EL2F2,PE3,,,SUS
22203,N/A,T20A HS CPU ICT ROM FIXTURE #1,EL2F25,PE3,,,SUS
22204,N/A,T20A HS CPU ICT ROM FIXTURE #1,EL2F25,PE3,,,SUS
22205,N/A,3A0A HS CPU ICT ROM FIXTURE #2,EL2F19,PE3,,,SUS
22206,N/A,TYAA FOG CONTROL ICT FIXTURE #1,EL2F7,PE3,,,SUS
22207,N/A,T43A LID KIT RH ICT FIXTURE,EL2F29,PE3,,,SUS
22208,N/A,T43A LID KIT LH ROUTER FIXTURE,EL2F29,PE3,,,SUS
22209,N/A,T43A LID KIT RH ROUTER FIXTURE,EL2F29,PE3,,,SUS
22210,N/A,T43A LID KIT LH FINAL FUNCTION FIXTURE,EL2F29,PE3,,,SUS
22211,N/A,T43A LID KIT RH FINAL FUNCTION FIXTURE,EL2F29,PE3,,,SUS
22212,N/A,T20A LID LH ICT FIXTURE,EL2F29,PE3,,,SUS
22213,N/A,T20A LID RH ICT FIXTURE,EL2F29,PE3,,,SUS
22214,N/A,T20A  LID LH ROUTER FIXTURE,EL2F29,PE3,,,SUS
22215,N/A,T20A LID RH ROUTER FIXTURE,EL2F29,PE3,,,SUS
22216,N/A,T20A LID LH/RH FINAL FUNCTION FIXTURE,EL2F29,PE3,,,SUS
22217,N/A,LIGHTING FINAL FUNCTION MACHINE,EL2F29,PE3,,,SUS
22218,N/A,SEALANT MACHINE,EL2F5,PE3,,,SUS
22221,N/A,LINE UNLOADER MACHINE,EL2C5,PE3,,,SUS
22222,N/A,PE3 BARCODE SCANNING CONVEYOR MACHINE,EL2C2,PE3,,,SUS
22227,N/A,T2AA CHM SOLDER PALLET FIXTURE 1,EL2F28,PE3,,,SUS
22228,N/A,T2AA CHM SOLDER PALLET FIXTURE 2,EL2F28,PE3,,,SUS
22229,N/A,T2AA CHM SOLDER PALLET FIXTURE 3,EL2F28,PE3,,,SUS
22230,N/A,T2AA CHM SOLER PALLET FIXTURE 4,EL2F28,PE3,,,SUS
22231,N/A,PCB ROUTER MACHINE,EL2C11,PE3,,,SUS
22232,N/A,T43A LID KIT LH ICT FIXTURE,EL2F29,PE3,,,SUS
22233,N/A,3A0A HL TURN DRL KIT LH ROUTER FIXTURE,EL2F13,PE3,,,SUS
22234,N/A,3A0A HL TURN DRL KIT RH ROUTER FIXTURE,EL2F15,PE3,,,SUS
22235,N/A,35Q TO 34XJ ROUTER ADAPTER FIXTURE #1,EL2F13,PE3,,,SUS
22236,N/A,35Q TO 34XJ ROUTER ADAPTER FIXTURE #2,EL2F15,PE3,,,SUS
22237,N/A,LIGHTING FINAL FUNCTION MACHINE 1,EL2F13,PE3,,,SUS
22238,N/A,LIGHTING FINAL FUNCTION MACHINE 2,EL2F15,PE3,,,SUS
22239,N/A,3A0A HL TURN DRL LH FINAL FUNCTION FIXTURE,EL2F13,PE3,,,SUS
22240,N/A,3A0A HL TURN DRL RH FINAL FUNCTION FIXTURE,EL2F15,PE3,,,SUS
22241,212849,ICT MACHINE,EL2F7,PE3,,,SUS
22242,N/A,TGVX CPU ROUTER VACUUM FIXTURE,EL2F14,PE3,,,SUS
22243,N/A,TGVX CPU 23NJ ROUTER FIXTURE,PE3 LAB,PE3,,,SUS
22244,N/A,TGVX CPU OFFLINE ICT FIXTURE,PE3 LAB,PE3,,,SUS
22255,N/A,SOLDER IRON TESTER DEVICE,EL2-MAINT,PE3,,,SUS
22256,N/A,PARTICLE COUNTER DEVICE,PE3 LAB,PE3,,,SUS
22257,N/A,PARTICLE COUNTER DEVICE,PE3 LAB,PE3,,,SUS
22258,N/A,PCB ROUTER MACHINE,EL2F28,PE3,,,SUS
22259,N/A,DUST COLLECTOR MACHINE,EL2F28,PE3,,,SUS
22260,N/A,PCB ROUTER MACHINE,EL2F7,PE3,,,SUS
22261,N/A,DUST COLLECTOR MACHINE,EL2F7,PE3,,,SUS
22288,N/A,3A0A HL SM LH ROUTER FIXTURE,EL2F26,PE3,,,SUS
22289,N/A,3A0A HL SM RH ROUTER FIXTURE,EL2F26,PE3,,,SUS
22290,N/A,3A0A HL SM LH FINAL FUNCTION FIXTURE,EL2F26,PE3,,,SUS
22291,N/A,3A0A HL SM RH FINAL FUNCTION FIXTURE,EL2F26,PE3,,,SUS
22348,N/A,POWER SUPPLY DEVICE 1,EL2F26,PE3,,,SUS
22349,N/A,POWER SUPPLY DEVICE 2,EL2F26,PE3,,,SUS
22350,N/A,POWER SUPPLY  DEVICE 3,EL2F26,PE3,,,SUS
22351,N/A,POWER SUPPLY DEVICE 4,EL2F26,PE3,,,SUS
23000,212758,LASER MARK MACHINE,EL2C7,PE3,,,SUS
23016,212746,PCB ROUTER MACHINE,EL2F13,PE3,,,SUS
23017,212747,PCB ROUTER MACHINE,EL2F15,PE3,,,SUS
23018,212748,DUST COLLECTOR MACHINE,EL2F13,PE3,,,SUS
23019,212749,DUST COLLECTOR MACHINE,EL2F15,PE3,,,SUS
23020,N/A,KEYSIGHT DIGITAL MULTIMETER DEVICE,EL2F26,PE3,,,SUS
23021,N/A,POWER SUPPLY DEVICE 1,EL2F13,PE3,,,SUS
23022,N/A,POWER SUPPLY DEVICE 2,EL2F13,PE3,,,SUS
23023,N/A,POWER SUPPLY DEVICE 1,EL2F15,PE3,,,SUS
23024,N/A,POWER SUPPLY DEVICE 2,EL2F15,PE3,,,SUS
23025,N/A,LCR METER 1 DEVICE,EL2F13,PE3,,,SUS
23026,N/A,LCR METER 2 DEVICE,EL2F13,PE3,,,SUS
23027,N/A,LCR METER 1 DEVICE,EL2F15,PE3,,,SUS
23028,N/A,LCR METER 2 DEVICE,EL2F15,PE3,,,SUS
23031,212848,BARE BOARD CLEANER MACHINE,EL2C2,PE3,,,SUS
23032,212759,SOLDER PASTE INSPECTION MACHINE,EL2C6,PE3,,,SUS
23033,N/A,BARE BOARD CLEANER MACHINE,EL2C11,PE3,,,SUS
23034,N/A,DESTACKER CONVEYOR MACHINE,PE3 LAB,PE3,,,SUS
23035,N/A,LINE UNLOADER CONVEYOR MACHINE,PE3 LAB,PE3,,,SUS
23036,N/A,TGVX/TJBT FINAL FUNCTION FIXTURE,EL2F14,PE3,,,SUS
23050,N/A,TGVX ROUTER CUTTING FIXTURE,PE3 LAB,PE3,,,SUS
23143,N/A,TGVX/TJBT ICT FIXTURE,EL2F14,PE3,,,SUS
23148,N/A,3A0A HL LO-HI-LO MCB LASER SCAN FIXTURE,EL2C15,PE3,,,SUS
23149,N/A,3A0A HL LO-HI-LO MCB LASER SCAN FIXTURE,EL2C14,PE3,,,SUS
23150,N/A,3A0A HL LO-HI-LO MCB LASER SCAN FIXTURE,EL2C13,PE3,,,SUS
23178,N/A,30AA R/C RPL ICT FIXTURE,EL2F50,PE3,,,SUS
23179,N/A,660B LID/RPL ICT FIXTURE,EL2F50,PE3,,,SUS
23180,N/A,INLINE ICT MACHINE,EL2F50,PE3,,,SUS
23181,N/A,ROUTER & TRAY PACKING MACHINE,EL2F50,PE3,,,SUS
23182,N/A,BUFFER CURE,PE3 LAB,PE3,,,SUS
23183,N/A,LINE LOADER MACHINE,EL2F50,PE3,,,SUS
23184,N/A,500MM LINK CONVEYOR MACHINE,EL2F50,PE3,,,SUS
23185,N/A,30AA RPL TAIL/BACK LH SOLDER ROBOT FIXTURE 1,EL2F43,PE3,,,SUS
23186,N/A,30AA RPL TAIL/BACK LH SOLDER ROBOT FIXTURE 2,EL2F43,PE3,,,SUS
23187,N/A,SOLDER ROBOT MACHINE,EL2F43,PE3,,,SUS
23188,N/A,30AA RPL TAIL/BACK LH ROUTER FIXTURE,EL2F43,PE3,,,SUS
23189,N/A,PCB ROUTER MACHINE,EL2F43,PE3,,,SUS
23190,N/A,30AA RPL TAIL/BACK LH FINAL FUNCTION,EL2F43,PE3,,,SUS
23191,N/A,30AA RPL TAIL/BACK RH SOLDER ROBOT FIXTURE 1,EL2F39,PE3,,,SUS
23192,N/A,30AA RPL TAIL/BACK RH SOLDER ROBOT FIXTURE 2,EL2F39,PE3,,,SUS
23193,N/A,SOLDER ROBOT MACHINE,EL2F39,PE3,,,SUS
23194,N/A,30AA RPL TAIL/BACK RH ROUTER FIXTURE,EL2F39,PE3,,,SUS
23195,N/A,PCB ROUTER MACHINE,EL2F39,PE3,,,SUS
23196,N/A,30AA RPL TAIL/BACK RH FINAL FUNCTION,EL2F39,PE3,,,SUS
23197,N/A,660B LID SCREW MACHINE,EL2F22,PE3,,,SUS
23198,N/A,660B LID MID-TESTER MACHINE,EL2F22,PE3,,,SUS
23199,N/A,660B LID INSPECTION STATION MACHINE,EL2F22,PE3,,,SUS
23200,N/A,660B LID FINAL FUNCTION MACHINE,EL2F22,PE3,,,SUS
23201,N/A,660B RC SCREW MACHINE,EL2F23,PE3,,,SUS
23202,N/A,660B RC MID-TESTER MACHINE,EL2F23,PE3,,,SUS
23203,N/A,660B RC INSPECTION STATION MACHINE,EL2F23,PE3,,,SUS
23204,N/A,660B RC FINAL FUNCTION MACHINE,EL2F23,PE3,,,SUS
23205,N/A,30AA RC TURN SCREW MACHINE FIXTURE,EL2F21,PE3,,,SUS
23206,N/A,30AA RC/RPL TURN SCREW MACHINE,EL2F21,PE3,,,SUS
23207,N/A,30AA RC/RPL TURN MID-TESTER MACHINE,EL2F21,PE3,,,SUS
23208,N/A,30AA RC/RPL TURN INSPECTION STATION MACHINE,EL2F21,PE3,,,SUS
23209,N/A,30AA RC/RPL TURN FINAL FUNTION MACHINE,EL2F21,PE3,,,SUS
23210,N/A,30AA RC TURN SCREW MACHINE FIXTURE,EL2F20,PE3,,,SUS
23211,N/A,30AA RC/RPL TURN SCREW MACHINE,EL2F20,PE3,,,SUS
23212,N/A,30AA RC/RPL TURN MID-TESTER MACHINE,EL2F20,PE3,,,SUS
23213,N/A,30AA RC/RPL TURN INSPECTION STATION MACHINE,EL2F20,PE3,,,SUS
23214,N/A,30AA RC /RPL TURN FINAL FUNCTION MACHINE,EL2F20,PE3,,,SUS
23217,N/A,30AA RC TAIL FINAL FUNCTION FIXTURE,EL2F35A,PE3,,,SUS
23218,N/A,PCB ROUTER MACHINE,EL2F35A,PE3,,,SUS
23219,N/A,30AA RC TAIL KIT LH ROUTER FIXTURE,EL2F35B,PE3,,,SUS
23220,N/A,30AA RC TAIL KIT RH FINAL FUNCTION FIXTURE,EL2F35B,PE3,,,SUS
23221,N/A,PCB ROUTER MACHINE,EL2F35B,PE3,,,SUS
23222,N/A,30AA RC TAIL KIT RH ROUTER FIXTURE,EL2F35B,PE3,,,SUS
23224,,LASER MARK MACHINE,EL2C13,PE3,,,SUS
23225,,MAGAZINE BUFFER CONVEYOR MACHINE,EL2C17,PE3,,,SUS
23226,,MOUNTER / PLACEMENT MACHINE,EL2C13,PE3,,,SUS
23227,,OMRON AOI MACHINE,EL2C13,PE3,,,SUS
23228,,PASSAGEWAY CONVEYOR MACHINE,EL2C17,PE3,,,SUS
23230,,REFLOW OVEN MACHINE,EL2C13,PE3,,,SUS
23231,,SCREEN PRINTER MACHINE,EL2C13,PE3,,,SUS
23232,,SMT PALLET LOAD CELL MACHINE,EL2C13,PE3,,,SUS
23233,,SOLDER PASTE INSPECTION MACHINE,EL2C13,PE3,,,SUS
23234,,1000MM WORK CONVEYOR MACHINE,EL2F50,PE3,,,SUS
23235,,500MM WORK CONVEYOR MACHINE,EL2F50,PE3,,,SUS
23236,,500MM WORK CONVEYOR MACHINE,EL2C13,PE3,,,SUS
23237,,BARCODE SCANNING CONVEYOR MACHINE,EL2C13,PE3,,,SUS
23238,,BOARD CLEANER MACHINE,EL2C13,PE3,,,SUS
23239,,FUME EXTRACTOR MACHINE,EL2C13,PE3,,,SUS
23241,,500MM WORK CONVEYOR MACHINE,EL2C13,PE3,,,SUS
23242,,COOLING BUFFER CONVEYOR MACHINE,PE3 LAB,PE3,,,SUS
23243,,FINAL FUNCTION MACHINE,EL2C13,PE3,,,SUS
23244,,BARCODE SCANNING CONVEYOR MACHINE,EL2C14,PE3,,,SUS
23245,,BOARD CLEANER MACHINE,EL2C14,PE3,,,SUS
23246,,FUME EXTRACTOR MACHINE,EL2C14,PE3,,,SUS
23247,,BOTTOM SIDE LASER MARK MACHINE,EL2C14,PE3,,,SUS
23248,,BOARD CLEANER MACHINE,EL2C17,PE3,,,SUS
23249,,LIGHTING FINAL FUNCTION MACHINE,EL2C14,PE3,,,SUS
23250,,LASER MARK MACHINE,EL2C14,PE3,,,SUS
23251,,MAGAZINE BUFFER CONVEYOR MACHINE,EL2C18,PE3,,,SUS
23252,,MOUNTER/PLACEMENT MACHINE,EL2C14,PE3,,,SUS
23253,,OMRON AOI MACHINE,EL2C14,PE3,,,SUS
23254,,PASSAGEWAY CONVEYOR MACHINE,EL2C16,PE3,,,SUS
23255,,BOTTOM LASER FUME EXTRACTOR MACHINE,EL2C14,PE3,,,SUS
23256,,REFLOW OVEN MACHINE,EL2C14,PE3,,,SUS
23257,,SCREEN PRINTER MACHINE,EL2C14,PE3,,,SUS
23258,,SMT PALLET LOADER ROBOT MACHINE,EL2C14,PE3,,,SUS
23259,,SOLDER PASTE INSPECTION MACHINE,EL2C14,PE3,,,SUS
23260,,1000MM WORK CONVEYOR MACHINE,EL2C13,PE3,,,SUS
23261,,1000MM WORK CONVEYOR MACHINE,EL2C14,PE3,,,SUS
23262,,1000MM WORK CONVEYOR MACHINE,PE3 LAB,PE3,,,SUS
23263,,500MM WORK CONVEYOR MACHINE,PE3 LAB,PE3,,,SUS
23264,,BAR CODE READER CONVEYOR MACHINE,EL2C15,PE3,,,SUS
23265,,FUME EXTRACTOR MACHINE,EL2C15,PE3,,,SUS
23266,,BOTTOM SIDE LASER MARK MACHINE,EL2C15,PE3,,,SUS
23267,,COOLING BUFFER MACHINE,EL2F50,PE3,,,SUS
23268,,LIGHTING FINAL FUNCTION MACHINE,EL2C15,PE3,,,SUS
23269,,LASER MARK MACHINE,EL2C15,PE3,,,SUS
23270,,MAGAZINE BUFFER CONVEYOR MACHINE,EL2C19,PE3,,,SUS
23271,,MOUNTER/PLACEMENT MACHINE,EL2C15,PE3,,,SUS
23272,,OMRON AOI MACHINE,EL2C15,PE3,,,SUS
23273,,PASSAGEWAY CONVEYOR MACHINE,PE3 LAB,PE3,,,SUS
23274,,BOTTOM LASER FUME EXTRACTOR MACHINE,EL2C15,PE3,,,SUS
23275,,REFLOW OVEN MACHINE,EL2C15,PE3,,,SUS
23276,,SCREEN PRINTER MACHINE,EL2C15,PE3,,,SUS
23277,,SOLDER PASTE INSPECTION MACHINE,EL2C15,PE3,,,SUS
23278,,500MM WORK CONVEYOR MACHINE,EL2C15,PE3,,,SUS
23279,,1000MM WORK CONVEYOR MACHINE,EL2C15,PE3,,,SUS
23280,,1000MM WORK CONVEYOR MACHINE,PE3 LAB,PE3,,,SUS
23281,,500MM WORK CONVEYOR MACHINE,PE3 LAB,PE3,,,SUS
24005,N/A,MAGAZINE LOADER MACHINE,PE3 LAB,PE3,,,SUS
24006,,BOARD CLEANER MACHINE,EL2C15,PE3,,,SUS
24009,N/A,30AA RC TAIL-SM LH DMM DEVICE,EL2F35A,PE3,,,SUS
24010,N/A,30AA RC TAIL-SM LH TESTER MACHINE,EL2F35A,PE3,,,SUS
24011,N/A,30AA RC TAIL LH DMM DEVICE,EL2F35A,PE3,,,SUS
24012,N/A,30AA TAIL SM DMM DEVICE,EL2F35B,PE3,,,SUS
24013,N/A,30AA TAIL SM TESTER MACHINE,EL2F35B,PE3,,,SUS
24014,N/A,30AA TAIL WITHOUT SM DMM DEVICE,EL2F35B,PE3,,,SUS
24015,N/A,DUST COLLECTOR MACHINE,EL2F35A,PE3,,,SUS
24016,N/A,DUST COLLECTOR MACHINE,EL2F35B,PE3,,,SUS
24017,,COOLING BUFFER CONVEYOR MACHINE,EL2C13,PE3,,,SUS
24018,,MAGAZINE BUFFER CONVEYOR MACHINE,EL2C13,PE3,,,SUS
24019,,MAGAZINE LOADER CONVEYOR MACHINE,EL2C13,PE3,,,SUS
24020,,PASSAGEWAY CONVEYOR MACHINE,EL2C13,PE3,,,SUS
24021,,BARCODE SCANNING CONVEYOR MACHINE,EL2C16,PE3,,,SUS
24022,,BOARD CLEANER MACHINE,EL2C16,PE3,,,SUS
24023,,FUME EXTRACTOR MACHINE,EL2C16,PE3,,,SUS
24024,,COOLING BUFFER CONVEYOR MACHINE,EL2C16,PE3,,,SUS
24025,,500MM WORK CONVEYOR MACHINE,EL2C13,PE3,,,SUS
24026,,COOLING BUFFER CONVEYOR MACHINE,EL2C14,PE3,,,SUS
24027,,MAGAZINE BUFFER CONVEYOR MACHINE,EL2C14,PE3,,,SUS
24028,,MAGAZINE LOADER CONVEYOR MACHINE,EL2C14,PE3,,,SUS
24029,,PASSAGEWAY CONVEYOR MACHINE,EL2C14,PE3,,,SUS
24030,,500MM WORK CONVEYOR MACHINE,EL2C14,PE3,,,SUS
24031,,500MM WORK CONVEYOR MACHINE,EL2C14,PE3,,,SUS
24032,,500MM WORK CONVEYOR MACHINE,EL2C14,PE3,,,SUS
24033,,COOLING BUFFER CONVEYOR MACHINE,EL2C15,PE3,,,SUS
24034,,MAGAZINE BUFFER CONVEYOR MACHINE,EL2C15,PE3,,,SUS
24035,,MAGAZINE LOADER CONVEYOR MACHINE,EL2C15,PE3,,,SUS
24036,,PASSAGEWAY CONVEYOR MACHINE,EL2C15,PE3,,,SUS
24037,,500MM WORK CONVEYOR MACHINE,EL2C15,PE3,,,SUS
24038,,1000MM WORK CONVEYOR MACHINE,EL2C15,PE3,,,SUS
24039,,500MM WORK CONVEYOR MACHINE,EL2C15,PE3,,,SUS
24040,,DESTACKER CONVEYOR MACHINE,EL2C16,PE3,,,SUS
24041,,FLIP CONVEYOR MACHINE,EL2C16,PE3,,,SUS
24042,,LASER MARK MACHINE,EL2C16,PE3,,,SUS
24043,,MAGAZINE BUFFER CONVEYOR MACHINE,EL2C16,PE3,,,SUS
24044,,MAGAZINE LOADER CONVEYOR MACHINE,EL2C16,PE3,,,SUS
24045,,MAGAZINE UNLOADER CONVEYOR MACHINE,EL2C16,PE3,,,SUS
24046,,MOUNTER/PLACEMENT #1 MACHINE,EL2C16,PE3,,,SUS
24047,,MOUNTER/PLACEMENT #2 MACHINE,EL2C16,PE3,,,SUS
24048,,MOUNTER/PLACEMENT #3 MACHINE,EL2C16,PE3,,,SUS
24049,,OMRON AOI MACHINE,EL2C16,PE3,,,SUS
24050,,REFLOW OVEN MACHINE,EL2C16,PE3,,,SUS
24051,,SCREEN PRINTER MACHINE,EL2C16,PE3,,,SUS
24052,,SOLDER PASTE INSPECTION MACHINE,EL2C16,PE3,,,SUS
24053,,BARCODE SCANNING CONVEYOR MACHINE,EL2C17,PE3,,,SUS
24054,,FUME EXTRACTOR MACHINE,EL2C17,PE3,,,SUS
24055,,COOLING BUFFER CONVEYOR MACHINE,EL2C17,PE3,,,SUS
24056,,DESTACKER CONVEYOR MACHINE,EL2C17,PE3,,,SUS
24057,,FLIP CONVEYOR MACHINE,EL2C17,PE3,,,SUS
24058,,LASER MARK MACHINE,EL2C17,PE3,,,SUS
24059,,MAGAZINE LOADER CONVEYOR MACHINE,EL2C17,PE3,,,SUS
24060,,MAGAZINE UNLOADER CONVEYOR MACHINE,EL2C17,PE3,,,SUS
24061,,MOUNTER/PLACEMENT #1 MACHINE,EL2C17,PE3,,,SUS
24062,,MOUNTER/PLACEMENT #2 MACHINE,EL2C17,PE3,,,SUS
24063,,MOUNTER/PLACEMENT #3 MACHINE,EL2C17,PE3,,,SUS
24064,,OMRON AOI MACHINE,EL2C17,PE3,,,SUS
24065,,REFLOW OVEN MACHINE,EL2C17,PE3,,,SUS
24066,,SCREEN PRINTER MACHINE,EL2C17,PE3,,,SUS
24067,,SOLDER PASTE INSPECTION MACHINE,EL2C17,PE3,,,SUS
24068,,500MM WORK CONVEYOR MACHINE,EL2C17,PE3,,,SUS
24069,,COOLING BUFFER CONVEYOR MACHINE,EL2C18,PE3,,,SUS
24070,,LASER MARK MACHINE,EL2C18,PE3,,,SUS
24071,,MAGAZINE UNLOADER CONVEYOR MACHINE,EL2C18,PE3,,,SUS
24072,,MOUNTER/PLACEMENT #1 MACHINE,EL2C18,PE3,,,SUS
24073,,MOUNTER/PLACEMENT #2 MACHINE,EL2C18,PE3,,,SUS
24074,,OMRON AOI MACHINE,EL2C18,PE3,,,SUS
24075,,REFLOW OVEN MACHINE,EL2C18,PE3,,,SUS
24076,,SCREEN PRINTER MACHINE,EL2C18,PE3,,,SUS
24077,,SOLDER PASTE INSPECTION MACHINE,EL2C18,PE3,,,SUS
24078,,COOLING BUFFER CONVEYOR  MACHINE,EL2C19,PE3,,,SUS
24079,,MOUNTER/PLACEMENT #1 MACHINE,EL2C19,PE3,,,SUS
24080,,MOUNTER/PLACEMENT #2 MACHINE,EL2C19,PE3,,,SUS
24081,,OMRON AOI MACHINE,EL2C19,PE3,,,SUS
24082,,REFLOW OVEN MACHINE,EL2C19,PE3,,,SUS
24083,,SCREEN PRINTER MACHINE,EL2C19,PE3,,,SUS
24084,,SOLDER PASTE INSPECTION MACHINE,EL2C19,PE3,,,SUS
24089,N/A,REFLOW OVEN MACHINE,EL2C4,PE3,,,SUS
24090,N/A,REFLOW OVEN MACHINE,EL2C6,PE3,,,SUS
24091,N/A,SCREEN PRINTER MACHINE,EL2C11,PE3,,,SUS
24092,N/A,DUST COLLECTOR MACHINE  (BOFA),EL2F50,PE3,,,SUS
24093,N/A,3BMA CHM FINAL FIXTURE,EL2F7,PE3,,,SUS
24094,N/A,3BMA CHM SEALANT FIXTURE,EL2F7,PE3,,,SUS
24095,N/A,FINAL FUNCTION MACHINE,EL2F7,PE3,,,SUS
24096,N/A,SEALANT MACHINE,EL2F7,PE3,,,SUS
24097,N/A,TLAA FOG FINAL FIXTURE,EL2F7,PE3,,,SUS
24098,N/A,TLAA FOG SEALANT FIXTURE,EL2F7,PE3,,,SUS
24099,,30AA RC/RPL TURN FINAL FUNCTION DMM DEVICE,EL2F20,PE3,,,SUS
24100,,30AA RC/RPL TURN MIC TESTER DMM DEVICE,EL2F20,PE3,,,SUS
24101,,30AA RC/ RPL TURN FINAL FUNCTION DMM DEVICE,EL2F21,PE3,,,SUS
24102,,30AA RC/RPL TURN MID TESTER DMM DEVICE,EL2F21,PE3,,,SUS
24103,,660B LID FINAL FUNCTION DMM DEVICE,EL2F23,PE3,,,SUS
24104,,660B LID MIC TESTER DMM DEVICE,EL2F22,PE3,,,SUS
24105,,660B RC FINAL FUNCTION DMM DEVICE,EL2F22,PE3,,,SUS
24106,,660B RC MID TESTER DMM DEVICE,EL2F23,PE3,,,SUS
24107,,DUST COLLECTOR MACHINE,EL2F43,PE3,,,SUS
24108,,90AA RPL TAIL/BCK FINAL FUNCTION DMM DEVICE,EL2F39,PE3,,,SUS
24109,,DUST COLLECTOR MACHINE,EL2F39,PE3,,,SUS
24110,,30AA RPL TAIL/BACK FINAL FUNCTION DMM DEVICE,EL2F43,PE3,,,SUS
24176,,BARCODE SCANNING MACHINE,EL2C19,PE3,,,SUS
24177,,BOARD CLEANER MACHINE,EL2C19,PE3,,,SUS
24178,,DESTACKER CONVEYOR MACHINE,EL2C19,PE3,,,SUS
24179,,FLIP CONVEYOR MACHINE,EL2C19,PE3,,,SUS
24180,,MAGAZINE LOADER CONVEYOR MACHINE,EL2C19,PE3,,,SUS
24181,,MAGAZINE UNLOADER CONVEYOR MACHINE,EL2C19,PE3,,,SUS
24182,,PASSAGEWAY CONVEYOR MACHINE,EL2C19,PE3,,,SUS
24183,,500MM WORK CONVEYOR MACHINE,EL2C19,PE3,,,SUS
24184,,BARCODE SCANNING CONVEYOR MACHINE,EL2C18,PE3,,,SUS
24185,,BOARD CLEANER MACHINE,EL2C18,PE3,,,SUS
24186,,FUME EXTRACTOR MACHINE,EL2C18,PE3,,,SUS
24187,,DESTACKER CONVEYOR MACHINE,EL2C18,PE3,,,SUS
24188,,FLIP CONVEYOR MACHINE,EL2C18,PE3,,,SUS
24189,,MAGAZINE LOADER CONVEYOR MACHINE,EL2C18,PE3,,,SUS
24190,,PASSAGEWAY CONVEYOR MACHINE,EL2C18,PE3,,,SUS
24191,,500MM WORK CONVEYOR MACHINE,EL2C18,PE3,,,SUS
24235,,S-18457 HS CPU ICT FIXTURE,EL2F19,PE3,,,SUS
24236,,S-18457 HS CPU ROUTER VACUUM FIXTURE,EL2F19,PE3,,,SUS
24237,,S-15635 HS CPU ROUTER VACUUM FIXTURE,EL2F19,PE3,,,SUS
24238,,INLINE SEALANT MACHINE,EL2SBO-1,PE3,,,SUS
24246,N/A,EL2 NORTH AIR SHOWER 1 FOOTWARE TESTER,EL 2,PE3,,,SUS
24247,N/A,EL2 NORTH AIR SHOWER 2 FOOTWARE TESTER,EL 2,PE3,,,SUS
24248,N/A,EL2 NORTH AIR SHOWER 3 FOOTWARE TESTER,EL 2,PE3,,,SUS
24249,N/A,EL2 NORTH AIR SHOWER 4 FOOTWARE TESTER,EL 2,PE3,,,SUS
24250,N/A,EL2 SOUTH AIR SHOWER 1 FOOTWARE TESTER,EL 2,PE3,,,SUS
24251,N/A,EL2 SOUTH AIR SHOWER 2 FOOTWARE TESTER,EL 2,PE3,,,SUS
24252,N/A,EL2 SOUTH AIR SHOWER 3 FOOTWARE TESTER,EL 2,PE3,,,SUS
24253,N/A,EL2 SOUTH AIR SHOWER 4 FOOTWARE TESTER,EL 2,PE3,,,SUS
24257,N/A,3MBA CHM ICT FIXTURE,EL2F24,PE3,,,SUS
24258,N/A,311D FINAL FUNCTION FIXTURE,EL2F24,PE3,,,SUS
24259,N/A,311D FINAL FUNCTION MACHINE,EL2F24,PE3,,,SUS
24260,N/A,311D RPL ICT FIXTURE,EL2F24,PE3,,,SUS
24261,N/A,311D ROUTER FIXTURE,EL2F24,PE3,,,SUS
24262,N/A,ICT MACHINE,EL2F24,PE3,,,SUS
24263,N/A,PCB ROUTER MACHINE,EL2F24,PE3,,,SUS
24264,N/A,TLAA FOG LH ICT FIXTURE,EL2F7,PE3,,,SUS
24265,N/A,TLAA FOG RH ICT FIXTURE,EL2F7,PE3,,,SUS
24290,N/A,DUST COLLECTOR MACHINE,EL2F24,PE3,,,SUS
24312,N/A,3A0A LID FLIP STATION,J-12,PE3,,,SUS
24352,N/A,LASER MARKER MACHINE,EL2C5,PE3,,,SUS
24353,N/A,DESTACKER MACHINE,EL2SBO-1,PE3,,,SUS
24354,N/A,DESTACKER MACHINE,EL2SBO-1,PE3,,,SUS
24355,N/A,DESTACKER MACHINE,EL2SBO-1,PE3,,,SUS
24356,N/A,FLIP CONVEYOR MACHINE,PE3 LAB,PE3,,,SUS
24357,N/A,FLIP CONVEYOR MACHINE,PE3 LAB,PE3,,,SUS
24358,N/A,FLIP CONVEYOR MACHINE,PE3 LAB,PE3,,,SUS
24359,N/A,MAGAZINE UNLOADER CONVEYOR MACHINE,PE3 LAB,PE3,,,SUS
24360,N/A,MAGAZINE UNLOADER CONVEYOR MACHINE,EL2F51,PE3,,,SUS
24361,N/A,MAGAZINE UNLOADER CONVEYOR MACHINE,EL2SBO-1,PE3,,,SUS
24362,N/A,500MM WORK CONVEYOR MACHINE,EL2F51,PE3,,,SUS
24363,N/A,500MM WORK CONVEYOR MACHINE,EL2F51,PE3,,,SUS
24364,N/A,WORK CONVEYOR,PE3 LAB,PE3,,,SUS
24365,N/A,WORK CONVEYOR,PE3 LAB,PE3,,,SUS
24370,N/A,500MM WORK CONVEYOR MACHINE,PE3 LAB,PE3,,,SUS
24384,NA,3MBA HL ADD LOW LH ICT FIXTURE,EL2F27,PE3,,,SUS
24385,N/A,3MBA HL ADD LOW RH ICT FIXTURE,EL2F27,PE3,,,SUS
24386,N/A,3MBA HL ADD LOW LH FINAL FUNCTION FIXTURE,EL2F27,PE3,,,SUS
24387,N/A,3MBA HL ADD LOW RH FINAL FUCTION FIXTRE,EL2F27,PE3,,,SUS
24388,N/A,3MBA HL ADD LOW LH ROUTER FIXTURE,EL2F27,PE3,,,SUS
24389,N/A,3MBA HL ADD LOW RH ROUTER FIXTURE,EL2F27,PE3,,,SUS
24403,N/A,3MBA HL ADD LO LH/RH COMBO FINAL FUNCTION FIXTURE,EL2F27,PE3,,,SUS
24404,N/A,3MBA HL ADD LO LH ICT FIXTURE,EL2F27,PE3,,,SUS
24405,N/A,3MBA HL ADD LO LH ROUTER FIXTURE,EL2F27,PE3,,,SUS
24406,N/A,3MBA HL ADD LO RH ROUTER FIXTURE,EL2F27,PE3,,,SUS
24407,N/A,3MBA HL ADD LO RH ICT FIXTURE,EL2F27,PE3,,,SUS
24408,N/A,3NAA GRILLE FINAL FUNCTION FIXTURES,EL2F32,PE3,,,SUS
24409,N/A,3NAA GRILLE ICT FIXTURE,EL2F32,PE3,,,SUS
24410,N/A,3NAA GRILLE ROUTER FIXTURE,EL2F32,PE3,,,SUS
24411,N/A,3NAA GRILLE SEALANT ROBOT FIXTURE,EL2F32,PE3,,,SUS
24412,N/A,3NAA HMSL FINAL FUNCTION FIXTURE,EL2F32,PE3,,,SUS
24413,N/A,3NAA HMSL ICT FIXTURE,EL2F32,PE3,,,SUS
24414,N/A,3NAA HMSL ROUTER FIXTURE,EL2F32,PE3,,,SUS
24415,N/A,3NAA HMSL SOLDER PALLET FIXTURE 1,EL2F32,PE3,,,SUS
24416,N/A,3NAA HMSL SOLDER PALLET FIXTURE 2,EL2F32,PE3,,,SUS
24417,N/A,3NAA HMSL SOLDER PALLET FIXTURE 3,EL2F32,PE3,,,SUS
24418,N/A,3NAA LICL FINAL FUNCTION FIXTURE,EL2F32,PE3,,,SUS
24419,N/A,3NAA LICL ICT FIXTURE,EL2F32,PE3,,,SUS
24420,N/A,3NAA LICL ROUTER FIXTURE,EL2F32,PE3,,,SUS
24421,N/A,3NAA LICL SOLDER PALLET FIXTURE 1,EL2F32,PE3,,,SUS
24422,N/A,3NAA LICL SOLDER PALLET FIXTURE 2,EL2F32,PE3,,,SUS
24423,N/A,3NAA LICL SOLDER PALLET FIXTURE 3,EL2F32,PE3,,,SUS
24424,N/A,3NAA LOGO FINAL FUNCTION FIXTURES,EL2F32,PE3,,,SUS
24425,N/A,3NAA LOGO ICT FIXTURE,EL2F32,PE3,,,SUS
24426,N/A,3NAA LOGO ROUTER FIXTURE,EL2F32,PE3,,,SUS
24427,N/A,3NAA LOGO SOLDER PALLET FIXTURE 1,EL2F32,PE3,,,SUS
24428,N/A,3NAA LOGO SOLDER PALLET FIXTURE 2,EL2F32,PE3,,,SUS
24429,N/A,3NAA LOGO SOLDER PALLET FIXTURE 3,EL2F32,PE3,,,SUS
24430,N/A,3NAA TAIL FINAL FUNCTION FIXTURE,EL2F32,PE3,,,SUS
24431,N/A,3NAA TAIL ICT FIXTURE,EL2F32,PE3,,,SUS
24432,N/A,3NAA TAIL ROUTER FIXTURE,EL2F32,PE3,,,SUS
24433,N/A,3NAA TAIL SEALANT ROBOT FIXTURE,EL2F32,PE3,,,SUS
24434,N/A,AOI MACHINE,EL2F32,PE3,,,SUS
24435,N/A,FINAL FUNCTION MACHINE,EL2F32,PE3,,,SUS
24436,N/A,PCB ROUTER MACHINE,EL2F32,PE3,,,SUS
24437,N/A,SOLDER ROBOT MACHINE,EL2F32,PE3,,,SUS
24438,N/A,3MBA UNIVERAL SOLDER ROBOT BASE FIXTURE,EL2F32,PE3,,,SUS
24439,N/A,3MAA HMSL FINAL FUNCTION FIXTURE,EL2F34,PE3,,,SUS
24440,N/A,3MAA HMSL ICT FIXTURE,EL2F34,PE3,,,SUS
24441,N/A,3MAA HMSL PCB ROUTER FIXTURE,EL2F34,PE3,,,SUS
24442,NA,3MBA LID LH FINAL FUNCTION FIXTURE,EL2F34,PE3,,,SUS
24443,N/A,3MBA LID LH ICT FIXTURE,EL2F34,PE3,,,SUS
24444,N/A,3MBA LID LH PCB ROUTER FIXTURE,EL2F34,PE3,,,SUS
24445,N/A,3MBA LID RH PCB ROUTER FIXTURE,EL2F34,PE3,,,SUS
24446,N/A,3NAA RPL BACK FINAL FUNCTION FIXTURE,EL2F34,PE3,,,SUS
24447,N/A,3NAA RPL BACK ICT FIXTURE,EL2F34,PE3,,,SUS
24448,N/A,3NAA RPL BACK ROUTER FIXTURE,EL2F34,PE3,,,SUS
24449,N/A,FINAL FUNCTION MACHINE,EL2F38,PE3,,,SUS
24450,N/A,ICT MACHINE,EL2F38,PE3,,,SUS
24451,N/A,PCB ROUTER MACHINE,EL2F38,PE3,,,SUS
24452,N/A,3MBA MULTISEG LH FINAL FUNCTION FIXTURE,EL2F38,PE3,,,SUS
24453,N/A,3MBA MULTISEG LH ICT FIXTURE,EL2F38,PE3,,,SUS
24454,N/A,3MBA MULTISEG LH PCB ROUTER FIXTURE,EL2F38,PE3,,,SUS
24455,N/A,3MBA MULTISEG RH FINAL FUNCTION FIXTRE,EL2F38,PE3,,,SUS
24456,N/A,3MBA MULTISEB RH ICT FIXTURE,EL2F38,PE3,,,SUS
24457,N/A,3MBA MULTISEG RH PCB ROUTER FIXTURE,EL2F38,PE3,,,SUS
24458,N/A,3MBA EMBLEM FINAL FUNCTION FIXTURE,EL2F47,PE3,,,SUS
24459,N/A,3MBA EMBLEM ICT FIXTURE,EL2F47,PE3,,,SUS
24460,N/A,3MBA EMBLEM PCB ROUTER FIXTURE,EL2F47,PE3,,,SUS
24461,N/A,3MBA EMBLEM SOLDER PALLET JIG 1 FIXTURE,EL2F47,PE3,,,SUS
24462,N/A,3MBA EMBLEM SOLDER PALLET JIG 2 FIXTURE,EL2F47,PE3,,,SUS
24463,N/A,3MBA EMBLEM SOLDER PALLET JIG 3 FIXTURE,EL2F47,PE3,,,SUS
24464,N/A,3MBA HMSL FINAL FNCTION FIXTURE,EL2F47,PE3,,,SUS
24465,N/A,3MBA HMSL ICT FIXTURE,EL2F47,PE3,,,SUS
24466,N/A,3MBA HMSL PCB ROUTER FIXTURE,EL2F47,PE3,,,SUS
24467,N/A,3MBA HMSL SOLDER PALLET JIG 1 FIXTURE,EL2F47,PE3,,,SUS
24468,N/A,3MBA HMSL SOLDER PALLET JIG 2 FIXTURE,EL2F47,PE3,,,SUS
24469,N/A,3MBA HMSL SOLDER PALLET JIG 3 FIXTURE,EL2F47,PE3,,,SUS
24470,N/A,AOI MACHINE,EL2F47,PE3,,,SUS
24471,N/A,FINAL FUNCTION MACHINE,EL2F47,PE3,,,SUS
24472,N/A,ICT MACHINE,EL2F47,PE3,,,SUS
24473,N/A,PCB ROUTER MACHINE,EL2F47,PE3,,,SUS
24474,N/A,SOLDER ROBOT MACHINE,EL2F47,PE3,,,SUS
24475,N/A,3MBA SOLDER ROBOT BASE UNIVERSAL FIXTURE,EL2F47,PE3,,,SUS
24476,N/A,AOI MACHINE,EL2F65,PE3,,,SUS
24477,N/A,FINAL FUNCTION MACHINE,EL2F65,PE3,,,SUS
24478,N/A,ICT MACHINE,EL2F65,PE3,,,SUS
24479,N/A,PCB ROUTER MACHINE,EL2F65,PE3,,,SUS
24480,N/A,SOLDER ROBOT MACHINE,EL2F65,PE3,,,SUS
24481,N/A,3MBA RC TAIL LH FINAL FUNCTION FIXTURE,EL2F65,PE3,,,SUS
24482,N/A,3MBA RC TAIL LH ICT FIXTURE,EL2F65,PE3,,,SUS
24483,N/A,3MBA RC TAIL LH PCB ROUTER FIXTURE,EL2F65,PE3,,,SUS
24484,N/A,3MBA RC TAIL LH SOLDER PALLET JIG 1 FIXTURE,EL2F65,PE3,,,SUS
24485,N/A,3MBA RC TAIL LH SOLDER PALLET JIG 2 FIXTURE,EL2F65,PE3,,,SUS
24486,N/A,3MBA RC TAIL LH SOLDER PALLET JIG 3 FIXTURE,EL2F65,PE3,,,SUS
24487,N/A,3MBA UNIVERSAL SOLDER ROBOT BASE FIXTURE,EL2F65,PE3,,,SUS
24488,N/A,AOI MACHINE,EL2F66,PE3,,,SUS
24489,N/A,FINAL FUNCTION MACHINE,EL2F66,PE3,,,SUS
24490,N/A,ICT MACHINE,EL2F66,PE3,,,SUS
24491,N/A,PCB ROUTER MACHINE,EL2F66,PE3,,,SUS
24492,N/A,SOLDER ROBOT MACHINE,EL2F66,PE3,,,SUS
24493,N/A,3MBA RC TAIL RH FINAL FUNCTION FIXTURE,EL2F66,PE3,,,SUS
24494,N/A,3MBA RC TAIL RH ICT FIXTURE,EL2F66,PE3,,,SUS
24495,N/A,3MBA RC TAIL RH PCB ROUTER FIXTURE,EL2F66,PE3,,,SUS
24496,N/A,3MBA RC TAIL RHSOLDER PALLET JIG 1FIXTURE,EL2F66,PE3,,,SUS
24497,N/A,3MBA RC TAIL RH SOLDER PALLET JIG 2 FIXTURE,EL2F66,PE3,,,SUS
24498,N/A,3MBA RC TAIL RH SOLDER PALLET JIG 3 FIXTURE,EL2F66,PE3,,,SUS
24499,N/A,3MBA UNIVERSAL SOLDER ROBOT BASE FIXTURE,EL2F66,PE3,,,SUS
24500,N/A,AOI MACHINE,EL2F70,PE3,,,SUS
24501,N/A,FINAL FUNCTION MACHINE,EL2F70,PE3,,,SUS
24502,N/A,ICT MACHINE,EL2F70,PE3,,,SUS
24503,N/A,PCB ROUTER,EL2F70,PE3,,,SUS
24504,N/A,SOLDER ROBOT MACHINE,EL2F70,PE3,,,SUS
24505,N/A,3MBA UNIVERSAL SOLDER ROBOT BASE,EL2F70,PE3,,,SUS
24506,N/A,3MBA FRSM LH FINAL FUNCTION FIXTURE,EL2F70,PE3,,,SUS
24507,N/A,3MBA FRSM LH ICT FIXTURE,EL2F70,PE3,,,SUS
24508,N/A,3MBA FRSM LH ROUTER FIXTURE,EL2F70,PE3,,,SUS
24509,N/A,3MBA FRSM LH SOLDER PALLET JIG 1 FIXTURE,EL2F70,PE3,,,SUS
24510,N/A,3MBA FRSM LH SOLDER PALLET JIG 2 FIXTURE,EL2F70,PE3,,,SUS
24511,N/A,3MBA FRSM LH SOLDER PALLET JIG 3 FIXTURE,EL2F70,PE3,,,SUS
24512,N/A,3MBA FRSM RH FINAL FUNCTION FIXTURE,EL2F70,PE3,,,SUS
24513,N/A,3MBA FRSM RH FIXTURE,EL2F70,PE3,,,SUS
24514,N/A,3MBA FRSM RH ROUTER FIXTURE,EL2F70,PE3,,,SUS
24515,N/A,3MBA FRSM RH SOLDER PALLET JIT 1 FIXTURE,EL2F70,PE3,,,SUS
24516,N/A,3MBA FRSM RH SOLDER PALLET JIG 2 FIXTURE,EL2F70,PE3,,,SUS
24517,N/A,3MBA FRSM RH SOLDER PALLET JIG 3 FIXTURE,EL2F70,PE3,,,SUS
24518,N/A,AOI MACHINE,EL2F71,PE3,,,SUS
24519,N/A,FINAL FUNCTION MACHINE,EL2F71,PE3,,,SUS
24520,N/A,ICT MACHINE,EL2F71,PE3,,,SUS
24521,N/A,PCB ROUTER MACHINE,EL2F71,PE3,,,SUS
24522,N/A,SOLDER ROBOT MACHINE,EL2F71,PE3,,,SUS
24523,N/A,3MBA UNIVERSAL SOLDER BASE FIXTURE,EL2F71,PE3,,,SUS
24524,N/A,3MBA RRSM LH FINAL FUNCTION FIXTURE,EL2F71,PE3,,,SUS
24525,N/A,3MBA RRSM LH ICT FIXTURE,EL2F71,PE3,,,SUS
24526,N/A,3MBA RRSM LH ROUTER FIXTURE,EL2F71,PE3,,,SUS
24527,N/A,3MBA RRSM LH SOLDER PALLET JIG 1 FIXTURE,EL2F71,PE3,,,SUS
24528,N/A,3MBA RRSM LH SOLDER PALLET JIG 2 FIXTURE,EL2F71,PE3,,,SUS
24529,N/A,3MBA RRSM LH SOLDER PALLET JIG 3 FIXTURE,EL2F71,PE3,,,SUS
24530,N/A,3MBA RRSM RH FINAL FUNCTION FIXTURE,EL2F71,PE3,,,SUS
24531,N/A,3MBA RRSM RH ICT FIXTURE,EL2F71,PE3,,,SUS
24532,N/A,3MBA RRSM RH ROUTER FIXTURE,EL2F71,PE3,,,SUS
24533,N/A,3MBA RRSM RH SOLDER PALLET JIG1 FIXTURE,EL2F71,PE3,,,SUS
24534,N/A,3MBA RRSM RH SOLDER PALLET JIG 2 FIXTURE,EL2F71,PE3,,,SUS
24535,N/A,3MBA RRSM RH SOLDER PALLET JIG 3 FIXTURE,EL2F71,PE3,,,SUS
24536,N/A,ICT MACHINE,EL2F41,PE3,,,SUS
24537,N/A,400D RPL ICT FIXTURE,EL2F41,PE3,,,SUS
24538,N/A,PCB ROUTER MACHINE,EL2F41,PE3,,,SUS
24539,N/A,400D RPL ROUTER FIXTURE,EL2F41,PE3,,,SUS
24540,N/A,SOLDER ROBOT MACHINE,EL2F41,PE3,,,SUS
24541,N/A,400D RPL SOLDER ROBOT BASE FIXTURE,EL2F41,PE3,,,SUS
24542,N/A,FUME EXTRACTOR MACHINE,EL2F41,PE3,,,SUS
24543,N/A,400D RPL SOLDER PALLET #1 FIXTURE,EL2F41,PE3,,,SUS
24544,N/A,400D RPL SOLDER PALLET #2 FIXTURE,EL2F41,PE3,,,SUS
24545,N/A,400D RPL SOLDER PALLET #3 FIXTURE,EL2F41,PE3,,,SUS
24546,N/A,AOI MACHINE,EL2F41,PE3,,,SUS
24547,N/A,FINAL FUNCTION MACHINE,EL2F41,PE3,,,SUS
24548,N/A,400D RPL FINAL FUNCTION FIXTURE,EL2F41,PE3,,,SUS
24549,N/A,ICT MACHINE,EL2F42,PE3,,,SUS
24550,N/A,401D RPL ICT FIXTURE,EL2F42,PE3,,,SUS
24551,N/A,PCB ROUTER MACHINE,EL2F42,PE3,,,SUS
24552,N/A,401D RPL ROUTER FIXTURE,EL2F42,PE3,,,SUS
24553,N/A,SOLDER ROBOT MACHINE,EL2F42,PE3,,,SUS
24554,N/A,401D RPL SOLDER ROBOT BASE FIXTURE,EL2F42,PE3,,,SUS
24555,N/A,FUME EXTRACTOR MACHINE,EL2F42,PE3,,,SUS
24556,N/A,401D RPL SOLDER PALLET #1 FIXTURE,EL2F42,PE3,,,SUS
24557,N/A,401D RPL SOLDER PALLET #2 FIXTURE,EL2F42,PE3,,,SUS
24558,N/A,401D RPL SOLDER PALLET #3 FIXTURE,EL2F42,PE3,,,SUS
24559,N/A,AOI MACHINE,EL2F42,PE3,,,SUS
24560,N/A,FINAL FUNCTION MACHINE,EL2F42,PE3,,,SUS
24561,N/A,401D RPL FINAL FUNCTION FIXTURE,EL2F42,PE3,,,SUS
24562,N/A,MAGAZINE LOADER MACHINE,EL2F51,PE3,,,SUS
24563,N/A,ICT MACHINE,EL2F51,PE3,,,SUS
24564,N/A,DUST COLLECTOR MACHINE,EL2C11,PE3,,,SUS
24565,N/A,500MM WORK CONVEYOR MACHINE,EL2F51,PE3,,,SUS
24579,N/A,FUME EXTRACTOR MACHINE,EL2F39,PE3,,,SUS
24580,N/A,FUME EXTRACTOR MACHINE,EL2F43,PE3,,,SUS
25067,N/A,DUST COLLECTOR MACHINE,PE3 LAB,PE3,,,SUS
25068,N/A,DUST COLLECTOR MACHINE,PE3 LAB,PE3,,,SUS
25069,N/A,DUST COLLECTOR MACHINE,PE3 LAB,PE3,,,SUS
25070,N/A,DUST COLLECTOR MACHINE,PE3 LAB,PE3,,,SUS
25071,N/A,DUST COLLECTOR MACHINE,PE3 LAB,PE3,,,SUS
25072,N/A,DUST COLLECTOR MACHINE,PE3 LAB,PE3,,,SUS
25073,N/A,DUST COLLECTOR MACHINE,PE3 LAB,PE3,,,SUS
25074,N/A,DUST COLLECTOR MACHINE,PE3 LAB,PE3,,,SUS
25075,N/A,DUST COLLECTOR MACHINE,PE3 LAB,PE3,,,SUS
25076,N/A,FUME EXTRACTOR MACHINE,PE3 LAB,PE3,,,SUS
25077,N/A,FUME EXTRACTOR MACHINE,PE3 LAB,PE3,,,SUS
25078,N/A,FUME EXTRACTOR MACHINE,PE3 LAB,PE3,,,SUS
25079,N/A,FUME EXTRACTOR MACHINE,PE3 LAB,PE3,,,SUS
25080,N/A,FUME EXTRACTOR MACHINE,PE3 LAB,PE3,,,SUS
25081,N/A,DUST COLLECTOR MACHINE,EL2F17,PE3,,,SUS
25082,N/A,DUST COLLECTOR MACHINE,EL2F26,PE3,,,SUS
25084,N/A,PCB ROUTER MACHINE,EL2F17,PE3,,,SUS
25085,N/A,PCB ROUTER MACHINE,EL2F26,PE3,,,SUS
25111,NA,BEV HS ECU ASSEMBLY LINE MACHINE,EL2F60,PE3,,,SUS
25112,N/A,BEV HS CPU ROBOT #1 MACHINE,EL2F60,PE3,,,SUS
25113,N/A,BEV HS CPU ROBOT #2 MACHINE,EL2F60,PE3,,,SUS
25114,,BEV HS CPU PCB TRAY HANDLER MACHINE,EL2F60,PE3,,,SUS
25115,,BEV HS CPU CASE ANYFEEDER MACHINE,EL2F60,PE3,,,SUS
25116,,BEV HS CPU CASE ANYFEEDER MACHINE,EL2F60,PE3,,,SUS
25117,,BEV HS CPU CLIP FEEDER #1 MACHINE,EL2F60,PE3,,,SUS
25118,,BEV HS CPU CLIP FEEDER #2 MACHINE,EL2F60,PE3,,,SUS
25119,,BEV HS CASE CLIP ASSEMBLY STATION #1 MACHINE,EL2F60,PE3,,,SUS
25127,,BEV HS CPU CASE CLIP ASSEMBLY STATION #2 MACHINE,EL2F60,PE3,,,SUS
25128,N/A,BEV HS CPU COVER LASER MARKER MACHINE,EL2F60,PE3,,,SUS
25129,N/A,BEV HS CPU ROM WRITER FIXTURE,EL2F60,PE3,,,SUS
25130,N/A,BEV HS CPU CASE AND COVER ASSEMBLY STATION FIXTURE,EL2F60,PE3,,,SUS
25131,N/A,BEV HS CPU CLIP DETECT MACHINE,EL2F60,PE3,,,SUS
25132,N/A,BEV HS CPU FINAL FUNCTION #1 FIXTURE,EL2F60,PE3,,,SUS
25133,N/A,BEV HS CPU FINAL FUNCTION #2 FIXTURE,EL2F60,PE3,,,SUS
25134,N/A,BEV HS CPU FINAL FUNCTION #3 FIXTURE,EL2F60,PE3,,,SUS
25135,N/A,BEV HS CPU FINAL FUNCTION #4 FIXTURE,EL2F60,PE3,,,SUS
25136,N/A,BEV HS CPU FINAL FUNCTION #5 FIXTURE,EL2F60,PE3,,,SUS
25137,N/A,BEV HS CPU PIN CHECK MACHINE,EL2F60,PE3,,,SUS
25247,NA,30AA RC TURN LED GRIPPER,EL2F50,PE3,,,SUS
25248,NA,30AA RC/RPL LDU GRIPPER,EL2F50,PE3,,,SUS
25249,NA,30AA RC/RPL LDU TRAY HANDLING PLATE JIGS,EL2F50,PE3,,,SUS
25250,NA,30AA RC/RPL TURN LED TRAY HANDLING PLATE,EL2F50,PE3,,,SUS
25251,NA,30AA RPL TURN LED GRIPPER,EL2F50,PE3,,,SUS
25252,NA,660B RC/LID GRIPPER,EL2F50,PE3,,,SUS
25253,NA,660B RC/LID LDU TRAY HANDLING PLATE,EL2F50,PE3,,,SUS
25279,N/A,LASER MARKING MACHINE,EL2C2,PE3,,,SUS
25308,NA,3BMZ HOOD FINAL FUNCTION FIXTURE,EL2F70,PE3,,,SUS
25309,NA,3MBA GRILLE FINAL FUNCTION FIXTURE,EL2F70,PE3,,,SUS
